stack_bytes,mode,descriptor,su_file
2784,static,/home/home/pqc/liboqs/src/kem/ml_kem/mlkem-native_ml-kem-768_x86_64/mlkem/src/kem.c:43:5:PQCP_MLKEM_NATIVE_MLKEM768_X86_64_check_pk,build-c-rx-kem-s-resource-audit-v1/src/kem/ml_kem/CMakeFiles/ml_kem_768_x86_64.dir/mlkem-native_ml-kem-768_x86_64/mlkem/src/kem.c.su
2784,static,/home/home/pqc/liboqs/src/kem/ml_kem/mlkem-native_ml-kem-768_ref/mlkem/src/kem.c:43:5:PQCP_MLKEM_NATIVE_MLKEM768_C_check_pk,build-c-rx-kem-s-resource-audit-v1/src/kem/ml_kem/CMakeFiles/ml_kem_768_ref.dir/mlkem-native_ml-kem-768_ref/mlkem/src/kem.c.su
2240,static,/home/home/pqc/liboqs/src/kem/ml_kem/mlkem-native_ml-kem-768_x86_64/mlkem/src/sampling.c:152:6:PQCP_MLKEM_NATIVE_MLKEM768_X86_64_poly_rej_uniform_x4,build-c-rx-kem-s-resource-audit-v1/src/kem/ml_kem/CMakeFiles/ml_kem_768_x86_64.dir/mlkem-native_ml-kem-768_x86_64/mlkem/src/sampling.c.su
2240,static,/home/home/pqc/liboqs/src/kem/ml_kem/mlkem-native_ml-kem-768_ref/mlkem/src/sampling.c:152:6:PQCP_MLKEM_NATIVE_MLKEM768_C_poly_rej_uniform_x4,build-c-rx-kem-s-resource-audit-v1/src/kem/ml_kem/CMakeFiles/ml_kem_768_ref.dir/mlkem-native_ml-kem-768_ref/mlkem/src/sampling.c.su
1376,static,/home/home/pqc/liboqs/src/kem/ml_kem/mlkem-native_ml-kem-768_x86_64/mlkem/src/kem.c:376:5:PQCP_MLKEM_NATIVE_MLKEM768_X86_64_dec,build-c-rx-kem-s-resource-audit-v1/src/kem/ml_kem/CMakeFiles/ml_kem_768_x86_64.dir/mlkem-native_ml-kem-768_x86_64/mlkem/src/kem.c.su
1376,static,/home/home/pqc/liboqs/src/kem/ml_kem/mlkem-native_ml-kem-768_ref/mlkem/src/kem.c:376:5:PQCP_MLKEM_NATIVE_MLKEM768_C_dec,build-c-rx-kem-s-resource-audit-v1/src/kem/ml_kem/CMakeFiles/ml_kem_768_ref.dir/mlkem-native_ml-kem-768_ref/mlkem/src/kem.c.su
960,"dynamic,bounded",/home/home/pqc/liboqs/src/kem/ml_kem/mlkem-native_ml-kem-768_x86_64/mlkem/src/poly_k.c:331:6:PQCP_MLKEM_NATIVE_MLKEM768_X86_64_poly_getnoise_eta1_4x,build-c-rx-kem-s-resource-audit-v1/src/kem/ml_kem/CMakeFiles/ml_kem_768_x86_64.dir/mlkem-native_ml-kem-768_x86_64/mlkem/src/poly_k.c.su
960,"dynamic,bounded",/home/home/pqc/liboqs/src/kem/ml_kem/mlkem-native_ml-kem-768_ref/mlkem/src/poly_k.c:331:6:PQCP_MLKEM_NATIVE_MLKEM768_C_poly_getnoise_eta1_4x,build-c-rx-kem-s-resource-audit-v1/src/kem/ml_kem/CMakeFiles/ml_kem_768_ref.dir/mlkem-native_ml-kem-768_ref/mlkem/src/poly_k.c.su
608,static,/home/home/pqc/liboqs/src/kem/ml_kem/mlkem-native_ml-kem-768_x86_64/mlkem/src/sampling.c:216:6:PQCP_MLKEM_NATIVE_MLKEM768_X86_64_poly_rej_uniform,build-c-rx-kem-s-resource-audit-v1/src/kem/ml_kem/CMakeFiles/ml_kem_768_x86_64.dir/mlkem-native_ml-kem-768_x86_64/mlkem/src/sampling.c.su
608,static,/home/home/pqc/liboqs/src/kem/ml_kem/mlkem-native_ml-kem-768_ref/mlkem/src/sampling.c:216:6:PQCP_MLKEM_NATIVE_MLKEM768_C_poly_rej_uniform,build-c-rx-kem-s-resource-audit-v1/src/kem/ml_kem/CMakeFiles/ml_kem_768_ref.dir/mlkem-native_ml-kem-768_ref/mlkem/src/sampling.c.su
352,static,/home/home/pqc/liboqs/src/kem/ml_kem/mlkem-native_ml-kem-768_x86_64/mlkem/src/indcpa.c:245:6:PQCP_MLKEM_NATIVE_MLKEM768_X86_64_gen_matrix,build-c-rx-kem-s-resource-audit-v1/src/kem/ml_kem/CMakeFiles/ml_kem_768_x86_64.dir/mlkem-native_ml-kem-768_x86_64/mlkem/src/indcpa.c.su
320,static,/home/home/pqc/liboqs/src/kem/ml_kem/mlkem-native_ml-kem-768_ref/mlkem/src/indcpa.c:245:6:PQCP_MLKEM_NATIVE_MLKEM768_C_gen_matrix,build-c-rx-kem-s-resource-audit-v1/src/kem/ml_kem/CMakeFiles/ml_kem_768_ref.dir/mlkem-native_ml-kem-768_ref/mlkem/src/indcpa.c.su
224,static,/home/home/pqc/liboqs/src/kem/ml_kem/mlkem-native_ml-kem-768_x86_64/mlkem/src/kem.c:290:5:PQCP_MLKEM_NATIVE_MLKEM768_X86_64_enc_derand,build-c-rx-kem-s-resource-audit-v1/src/kem/ml_kem/CMakeFiles/ml_kem_768_x86_64.dir/mlkem-native_ml-kem-768_x86_64/mlkem/src/kem.c.su
224,static,/home/home/pqc/liboqs/src/kem/ml_kem/mlkem-native_ml-kem-768_ref/mlkem/src/kem.c:290:5:PQCP_MLKEM_NATIVE_MLKEM768_C_enc_derand,build-c-rx-kem-s-resource-audit-v1/src/kem/ml_kem/CMakeFiles/ml_kem_768_ref.dir/mlkem-native_ml-kem-768_ref/mlkem/src/kem.c.su
192,"dynamic,bounded",/home/home/pqc/liboqs/src/kem/ml_kem/mlkem-native_ml-kem-768_x86_64/mlkem/src/indcpa.c:427:5:PQCP_MLKEM_NATIVE_MLKEM768_X86_64_indcpa_keypair_derand,build-c-rx-kem-s-resource-audit-v1/src/kem/ml_kem/CMakeFiles/ml_kem_768_x86_64.dir/mlkem-native_ml-kem-768_x86_64/mlkem/src/indcpa.c.su
192,"dynamic,bounded",/home/home/pqc/liboqs/src/kem/ml_kem/mlkem-native_ml-kem-768_x86_64/mlkem/src/indcpa.c:597:5:PQCP_MLKEM_NATIVE_MLKEM768_X86_64_indcpa_enc,build-c-rx-kem-s-resource-audit-v1/src/kem/ml_kem/CMakeFiles/ml_kem_768_x86_64.dir/mlkem-native_ml-kem-768_x86_64/mlkem/src/indcpa.c.su
176,"dynamic,bounded",/home/home/pqc/liboqs/src/kem/ml_kem/mlkem-native_ml-kem-768_ref/mlkem/src/indcpa.c:597:5:PQCP_MLKEM_NATIVE_MLKEM768_C_indcpa_enc,build-c-rx-kem-s-resource-audit-v1/src/kem/ml_kem/CMakeFiles/ml_kem_768_ref.dir/mlkem-native_ml-kem-768_ref/mlkem/src/indcpa.c.su
160,static,/home/home/pqc/liboqs/src/kem/ml_kem/mlkem-native_ml-kem-768_x86_64/mlkem/src/kem.c:254:5:PQCP_MLKEM_NATIVE_MLKEM768_X86_64_keypair,build-c-rx-kem-s-resource-audit-v1/src/kem/ml_kem/CMakeFiles/ml_kem_768_x86_64.dir/mlkem-native_ml-kem-768_x86_64/mlkem/src/kem.c.su
160,static,/home/home/pqc/liboqs/src/kem/ml_kem/mlkem-native_ml-kem-768_x86_64/mlkem/src/kem.c:340:5:PQCP_MLKEM_NATIVE_MLKEM768_X86_64_enc,build-c-rx-kem-s-resource-audit-v1/src/kem/ml_kem/CMakeFiles/ml_kem_768_x86_64.dir/mlkem-native_ml-kem-768_x86_64/mlkem/src/kem.c.su
160,static,/home/home/pqc/liboqs/src/kem/ml_kem/mlkem-native_ml-kem-768_ref/mlkem/src/kem.c:254:5:PQCP_MLKEM_NATIVE_MLKEM768_C_keypair,build-c-rx-kem-s-resource-audit-v1/src/kem/ml_kem/CMakeFiles/ml_kem_768_ref.dir/mlkem-native_ml-kem-768_ref/mlkem/src/kem.c.su
160,static,/home/home/pqc/liboqs/src/kem/ml_kem/mlkem-native_ml-kem-768_ref/mlkem/src/kem.c:340:5:PQCP_MLKEM_NATIVE_MLKEM768_C_enc,build-c-rx-kem-s-resource-audit-v1/src/kem/ml_kem/CMakeFiles/ml_kem_768_ref.dir/mlkem-native_ml-kem-768_ref/mlkem/src/kem.c.su
144,"dynamic,bounded",/home/home/pqc/liboqs/src/kem/ml_kem/mlkem-native_ml-kem-768_ref/mlkem/src/indcpa.c:427:5:PQCP_MLKEM_NATIVE_MLKEM768_C_indcpa_keypair_derand,build-c-rx-kem-s-resource-audit-v1/src/kem/ml_kem/CMakeFiles/ml_kem_768_ref.dir/mlkem-native_ml-kem-768_ref/mlkem/src/indcpa.c.su
96,static,/home/home/pqc/liboqs/src/kem/ml_kem/mlkem-native_ml-kem-768_x86_64/mlkem/src/kem.c:76:5:PQCP_MLKEM_NATIVE_MLKEM768_X86_64_check_sk,build-c-rx-kem-s-resource-audit-v1/src/kem/ml_kem/CMakeFiles/ml_kem_768_x86_64.dir/mlkem-native_ml-kem-768_x86_64/mlkem/src/kem.c.su
96,static,/home/home/pqc/liboqs/src/kem/ml_kem/mlkem-native_ml-kem-768_x86_64/mlkem/src/indcpa.c:805:5:PQCP_MLKEM_NATIVE_MLKEM768_X86_64_indcpa_dec,build-c-rx-kem-s-resource-audit-v1/src/kem/ml_kem/CMakeFiles/ml_kem_768_x86_64.dir/mlkem-native_ml-kem-768_x86_64/mlkem/src/indcpa.c.su
96,static,/home/home/pqc/liboqs/src/kem/ml_kem/mlkem-native_ml-kem-768_ref/mlkem/src/kem.c:76:5:PQCP_MLKEM_NATIVE_MLKEM768_C_check_sk,build-c-rx-kem-s-resource-audit-v1/src/kem/ml_kem/CMakeFiles/ml_kem_768_ref.dir/mlkem-native_ml-kem-768_ref/mlkem/src/kem.c.su
96,static,/home/home/pqc/liboqs/src/kem/ml_kem/mlkem-native_ml-kem-768_ref/mlkem/src/indcpa.c:805:5:PQCP_MLKEM_NATIVE_MLKEM768_C_indcpa_dec,build-c-rx-kem-s-resource-audit-v1/src/kem/ml_kem/CMakeFiles/ml_kem_768_ref.dir/mlkem-native_ml-kem-768_ref/mlkem/src/indcpa.c.su
64,static,/home/home/pqc/liboqs/src/kem/ml_kem/mlkem-native_ml-kem-768_x86_64/mlkem/src/kem.c:210:5:PQCP_MLKEM_NATIVE_MLKEM768_X86_64_keypair_derand,build-c-rx-kem-s-resource-audit-v1/src/kem/ml_kem/CMakeFiles/ml_kem_768_x86_64.dir/mlkem-native_ml-kem-768_x86_64/mlkem/src/kem.c.su
64,static,/home/home/pqc/liboqs/src/kem/ml_kem/mlkem-native_ml-kem-768_ref/mlkem/src/compress.c:135:6:PQCP_MLKEM_NATIVE_MLKEM768_C_poly_compress_d10,build-c-rx-kem-s-resource-audit-v1/src/kem/ml_kem/CMakeFiles/ml_kem_768_ref.dir/mlkem-native_ml-kem-768_ref/mlkem/src/compress.c.su
56,static,/home/home/pqc/liboqs/src/kem/ml_kem/mlkem-native_ml-kem-768_ref/mlkem/src/poly_k.c:188:6:PQCP_MLKEM_NATIVE_MLKEM768_C_polyvec_basemul_acc_montgomery_cached,build-c-rx-kem-s-resource-audit-v1/src/kem/ml_kem/CMakeFiles/ml_kem_768_ref.dir/mlkem-native_ml-kem-768_ref/mlkem/src/poly_k.c.su
56,static,/home/home/pqc/liboqs/src/kem/ml_kem/mlkem-native_ml-kem-768_ref/mlkem/src/poly.c:456:6:PQCP_MLKEM_NATIVE_MLKEM768_C_poly_ntt,build-c-rx-kem-s-resource-audit-v1/src/kem/ml_kem/CMakeFiles/ml_kem_768_ref.dir/mlkem-native_ml-kem-768_ref/mlkem/src/poly.c.su
56,static,/home/home/pqc/liboqs/src/kem/ml_kem/mlkem-native_ml-kem-768_ref/mlkem/src/poly.c:553:6:PQCP_MLKEM_NATIVE_MLKEM768_C_poly_invntt_tomont,build-c-rx-kem-s-resource-audit-v1/src/kem/ml_kem/CMakeFiles/ml_kem_768_ref.dir/mlkem-native_ml-kem-768_ref/mlkem/src/poly.c.su
48,static,/home/home/pqc/liboqs/src/kem/ml_kem/kem_ml_kem_768.c:76:20:OQS_KEM_ml_kem_768_keypair_derand,build-c-rx-kem-s-resource-audit-v1/src/kem/ml_kem/CMakeFiles/ml_kem_768_ref.dir/kem_ml_kem_768.c.su
48,static,/home/home/pqc/liboqs/src/kem/ml_kem/kem_ml_kem_768.c:132:20:OQS_KEM_ml_kem_768_encaps_derand,build-c-rx-kem-s-resource-audit-v1/src/kem/ml_kem/CMakeFiles/ml_kem_768_ref.dir/kem_ml_kem_768.c.su
48,static,/home/home/pqc/liboqs/src/kem/ml_kem/kem_ml_kem_768.c:160:20:OQS_KEM_ml_kem_768_encaps,build-c-rx-kem-s-resource-audit-v1/src/kem/ml_kem/CMakeFiles/ml_kem_768_ref.dir/kem_ml_kem_768.c.su
48,static,/home/home/pqc/liboqs/src/kem/ml_kem/kem_ml_kem_768.c:190:20:OQS_KEM_ml_kem_768_decaps,build-c-rx-kem-s-resource-audit-v1/src/kem/ml_kem/CMakeFiles/ml_kem_768_ref.dir/kem_ml_kem_768.c.su
48,static,/home/home/pqc/liboqs/src/kem/ml_kem/mlkem-native_ml-kem-768_x86_64/mlkem/src/poly_k.c:47:6:PQCP_MLKEM_NATIVE_MLKEM768_X86_64_polyvec_compress_du,build-c-rx-kem-s-resource-audit-v1/src/kem/ml_kem/CMakeFiles/ml_kem_768_x86_64.dir/mlkem-native_ml-kem-768_x86_64/mlkem/src/poly_k.c.su
48,static,/home/home/pqc/liboqs/src/kem/ml_kem/mlkem-native_ml-kem-768_x86_64/mlkem/src/poly_k.c:61:6:PQCP_MLKEM_NATIVE_MLKEM768_X86_64_polyvec_decompress_du,build-c-rx-kem-s-resource-audit-v1/src/kem/ml_kem/CMakeFiles/ml_kem_768_x86_64.dir/mlkem-native_ml-kem-768_x86_64/mlkem/src/poly_k.c.su
48,static,/home/home/pqc/liboqs/src/kem/ml_kem/mlkem-native_ml-kem-768_x86_64/mlkem/src/poly_k.c:79:6:PQCP_MLKEM_NATIVE_MLKEM768_X86_64_polyvec_tobytes,build-c-rx-kem-s-resource-audit-v1/src/kem/ml_kem/CMakeFiles/ml_kem_768_x86_64.dir/mlkem-native_ml-kem-768_x86_64/mlkem/src/poly_k.c.su
48,static,/home/home/pqc/liboqs/src/kem/ml_kem/mlkem-native_ml-kem-768_x86_64/mlkem/src/poly_k.c:96:6:PQCP_MLKEM_NATIVE_MLKEM768_X86_64_polyvec_frombytes,build-c-rx-kem-s-resource-audit-v1/src/kem/ml_kem/CMakeFiles/ml_kem_768_x86_64.dir/mlkem-native_ml-kem-768_x86_64/mlkem/src/poly_k.c.su
48,static,/home/home/pqc/liboqs/src/kem/ml_kem/mlkem-native_ml-kem-768_x86_64/mlkem/src/poly_k.c:224:6:PQCP_MLKEM_NATIVE_MLKEM768_X86_64_polyvec_mulcache_compute,build-c-rx-kem-s-resource-audit-v1/src/kem/ml_kem/CMakeFiles/ml_kem_768_x86_64.dir/mlkem-native_ml-kem-768_x86_64/mlkem/src/poly_k.c.su
48,static,/home/home/pqc/liboqs/src/kem/ml_kem/mlkem-native_ml-kem-768_x86_64/mlkem/src/poly_k.c:256:6:PQCP_MLKEM_NATIVE_MLKEM768_X86_64_polyvec_add,build-c-rx-kem-s-resource-audit-v1/src/kem/ml_kem/CMakeFiles/ml_kem_768_x86_64.dir/mlkem-native_ml-kem-768_x86_64/mlkem/src/poly_k.c.su
48,static,/home/home/pqc/liboqs/src/kem/ml_kem/mlkem-native_ml-kem-768_x86_64/mlkem/src/sampling.c:112:17:mlk_rej_uniform.constprop,build-c-rx-kem-s-resource-audit-v1/src/kem/ml_kem/CMakeFiles/ml_kem_768_x86_64.dir/mlkem-native_ml-kem-768_x86_64/mlkem/src/sampling.c.su
48,static,/home/home/pqc/liboqs/src/kem/ml_kem/mlkem-native_ml-kem-768_ref/mlkem/src/poly_k.c:47:6:PQCP_MLKEM_NATIVE_MLKEM768_C_polyvec_compress_du,build-c-rx-kem-s-resource-audit-v1/src/kem/ml_kem/CMakeFiles/ml_kem_768_ref.dir/mlkem-native_ml-kem-768_ref/mlkem/src/poly_k.c.su
48,static,/home/home/pqc/liboqs/src/kem/ml_kem/mlkem-native_ml-kem-768_ref/mlkem/src/poly_k.c:61:6:PQCP_MLKEM_NATIVE_MLKEM768_C_polyvec_decompress_du,build-c-rx-kem-s-resource-audit-v1/src/kem/ml_kem/CMakeFiles/ml_kem_768_ref.dir/mlkem-native_ml-kem-768_ref/mlkem/src/poly_k.c.su
48,static,/home/home/pqc/liboqs/src/kem/ml_kem/mlkem-native_ml-kem-768_ref/mlkem/src/poly_k.c:79:6:PQCP_MLKEM_NATIVE_MLKEM768_C_polyvec_tobytes,build-c-rx-kem-s-resource-audit-v1/src/kem/ml_kem/CMakeFiles/ml_kem_768_ref.dir/mlkem-native_ml-kem-768_ref/mlkem/src/poly_k.c.su
48,static,/home/home/pqc/liboqs/src/kem/ml_kem/mlkem-native_ml-kem-768_ref/mlkem/src/poly_k.c:96:6:PQCP_MLKEM_NATIVE_MLKEM768_C_polyvec_frombytes,build-c-rx-kem-s-resource-audit-v1/src/kem/ml_kem/CMakeFiles/ml_kem_768_ref.dir/mlkem-native_ml-kem-768_ref/mlkem/src/poly_k.c.su
48,static,/home/home/pqc/liboqs/src/kem/ml_kem/mlkem-native_ml-kem-768_ref/mlkem/src/poly_k.c:224:6:PQCP_MLKEM_NATIVE_MLKEM768_C_polyvec_mulcache_compute,build-c-rx-kem-s-resource-audit-v1/src/kem/ml_kem/CMakeFiles/ml_kem_768_ref.dir/mlkem-native_ml-kem-768_ref/mlkem/src/poly_k.c.su
48,static,/home/home/pqc/liboqs/src/kem/ml_kem/mlkem-native_ml-kem-768_ref/mlkem/src/poly_k.c:256:6:PQCP_MLKEM_NATIVE_MLKEM768_C_polyvec_add,build-c-rx-kem-s-resource-audit-v1/src/kem/ml_kem/CMakeFiles/ml_kem_768_ref.dir/mlkem-native_ml-kem-768_ref/mlkem/src/poly_k.c.su
48,static,/home/home/pqc/liboqs/src/kem/ml_kem/mlkem-native_ml-kem-768_ref/mlkem/src/kem.c:210:5:PQCP_MLKEM_NATIVE_MLKEM768_C_keypair_derand,build-c-rx-kem-s-resource-audit-v1/src/kem/ml_kem/CMakeFiles/ml_kem_768_ref.dir/mlkem-native_ml-kem-768_ref/mlkem/src/kem.c.su
48,static,/home/home/pqc/liboqs/tests/vectors_kem.c:30:20:is_ml_kem,build-c-rx-kem-s-resource-audit-v1/tests/CMakeFiles/vectors_kem.dir/vectors_kem.c.su
32,static,/home/home/pqc/liboqs/src/kem/ml_kem/kem_ml_kem_768.c:102:20:OQS_KEM_ml_kem_768_keypair,build-c-rx-kem-s-resource-audit-v1/src/kem/ml_kem/CMakeFiles/ml_kem_768_ref.dir/kem_ml_kem_768.c.su
32,static,/home/home/pqc/liboqs/src/kem/ml_kem/mlkem-native_ml-kem-768_x86_64/mlkem/src/poly_k.c:109:6:PQCP_MLKEM_NATIVE_MLKEM768_X86_64_polyvec_ntt,build-c-rx-kem-s-resource-audit-v1/src/kem/ml_kem/CMakeFiles/ml_kem_768_x86_64.dir/mlkem-native_ml-kem-768_x86_64/mlkem/src/poly_k.c.su
32,static,/home/home/pqc/liboqs/src/kem/ml_kem/mlkem-native_ml-kem-768_x86_64/mlkem/src/poly_k.c:126:6:PQCP_MLKEM_NATIVE_MLKEM768_X86_64_polyvec_invntt_tomont,build-c-rx-kem-s-resource-audit-v1/src/kem/ml_kem/CMakeFiles/ml_kem_768_x86_64.dir/mlkem-native_ml-kem-768_x86_64/mlkem/src/poly_k.c.su
32,static,/home/home/pqc/liboqs/src/kem/ml_kem/mlkem-native_ml-kem-768_x86_64/mlkem/src/poly_k.c:241:6:PQCP_MLKEM_NATIVE_MLKEM768_X86_64_polyvec_reduce,build-c-rx-kem-s-resource-audit-v1/src/kem/ml_kem/CMakeFiles/ml_kem_768_x86_64.dir/mlkem-native_ml-kem-768_x86_64/mlkem/src/poly_k.c.su
32,static,/home/home/pqc/liboqs/src/kem/ml_kem/mlkem-native_ml-kem-768_x86_64/mlkem/src/poly_k.c:279:6:PQCP_MLKEM_NATIVE_MLKEM768_X86_64_polyvec_tomont,build-c-rx-kem-s-resource-audit-v1/src/kem/ml_kem/CMakeFiles/ml_kem_768_x86_64.dir/mlkem-native_ml-kem-768_x86_64/mlkem/src/poly_k.c.su
32,static,/home/home/pqc/liboqs/src/kem/ml_kem/mlkem-native_ml-kem-768_x86_64/mlkem/src/indcpa.c:403:5:PQCP_MLKEM_NATIVE_MLKEM768_X86_64_v27_keypair_workspace_set,build-c-rx-kem-s-resource-audit-v1/src/kem/ml_kem/CMakeFiles/ml_kem_768_x86_64.dir/mlkem-native_ml-kem-768_x86_64/mlkem/src/indcpa.c.su
32,static,/home/home/pqc/liboqs/src/kem/ml_kem/mlkem-native_ml-kem-768_x86_64/mlkem/src/indcpa.c:573:5:PQCP_MLKEM_NATIVE_MLKEM768_X86_64_v26_enc_workspace_set,build-c-rx-kem-s-resource-audit-v1/src/kem/ml_kem/CMakeFiles/ml_kem_768_x86_64.dir/mlkem-native_ml-kem-768_x86_64/mlkem/src/indcpa.c.su
32,static,/home/home/pqc/liboqs/src/kem/ml_kem/mlkem-native_ml-kem-768_x86_64/mlkem/src/indcpa.c:741:5:PQCP_MLKEM_NATIVE_MLKEM768_X86_64_v28_dec_workspace_set,build-c-rx-kem-s-resource-audit-v1/src/kem/ml_kem/CMakeFiles/ml_kem_768_x86_64.dir/mlkem-native_ml-kem-768_x86_64/mlkem/src/indcpa.c.su
32,static,/home/home/pqc/liboqs/src/kem/ml_kem/mlkem-native_ml-kem-768_x86_64/mlkem/src/indcpa.c:781:5:PQCP_MLKEM_NATIVE_MLKEM768_X86_64_v29_lifecycle_workspace_set,build-c-rx-kem-s-resource-audit-v1/src/kem/ml_kem/CMakeFiles/ml_kem_768_x86_64.dir/mlkem-native_ml-kem-768_x86_64/mlkem/src/indcpa.c.su
32,static,/home/home/pqc/liboqs/src/kem/ml_kem/mlkem-native_ml-kem-768_ref/mlkem/src/poly_k.c:109:6:PQCP_MLKEM_NATIVE_MLKEM768_C_polyvec_ntt,build-c-rx-kem-s-resource-audit-v1/src/kem/ml_kem/CMakeFiles/ml_kem_768_ref.dir/mlkem-native_ml-kem-768_ref/mlkem/src/poly_k.c.su
32,static,/home/home/pqc/liboqs/src/kem/ml_kem/mlkem-native_ml-kem-768_ref/mlkem/src/poly_k.c:126:6:PQCP_MLKEM_NATIVE_MLKEM768_C_polyvec_invntt_tomont,build-c-rx-kem-s-resource-audit-v1/src/kem/ml_kem/CMakeFiles/ml_kem_768_ref.dir/mlkem-native_ml-kem-768_ref/mlkem/src/poly_k.c.su
32,static,/home/home/pqc/liboqs/src/kem/ml_kem/mlkem-native_ml-kem-768_ref/mlkem/src/poly_k.c:241:6:PQCP_MLKEM_NATIVE_MLKEM768_C_polyvec_reduce,build-c-rx-kem-s-resource-audit-v1/src/kem/ml_kem/CMakeFiles/ml_kem_768_ref.dir/mlkem-native_ml-kem-768_ref/mlkem/src/poly_k.c.su
32,static,/home/home/pqc/liboqs/src/kem/ml_kem/mlkem-native_ml-kem-768_ref/mlkem/src/poly_k.c:279:6:PQCP_MLKEM_NATIVE_MLKEM768_C_polyvec_tomont,build-c-rx-kem-s-resource-audit-v1/src/kem/ml_kem/CMakeFiles/ml_kem_768_ref.dir/mlkem-native_ml-kem-768_ref/mlkem/src/poly_k.c.su
32,static,/home/home/pqc/liboqs/src/kem/ml_kem/mlkem-native_ml-kem-768_ref/mlkem/src/indcpa.c:403:5:PQCP_MLKEM_NATIVE_MLKEM768_C_v27_keypair_workspace_set,build-c-rx-kem-s-resource-audit-v1/src/kem/ml_kem/CMakeFiles/ml_kem_768_ref.dir/mlkem-native_ml-kem-768_ref/mlkem/src/indcpa.c.su
32,static,/home/home/pqc/liboqs/src/kem/ml_kem/mlkem-native_ml-kem-768_ref/mlkem/src/indcpa.c:573:5:PQCP_MLKEM_NATIVE_MLKEM768_C_v26_enc_workspace_set,build-c-rx-kem-s-resource-audit-v1/src/kem/ml_kem/CMakeFiles/ml_kem_768_ref.dir/mlkem-native_ml-kem-768_ref/mlkem/src/indcpa.c.su
32,static,/home/home/pqc/liboqs/src/kem/ml_kem/mlkem-native_ml-kem-768_ref/mlkem/src/indcpa.c:741:5:PQCP_MLKEM_NATIVE_MLKEM768_C_v28_dec_workspace_set,build-c-rx-kem-s-resource-audit-v1/src/kem/ml_kem/CMakeFiles/ml_kem_768_ref.dir/mlkem-native_ml-kem-768_ref/mlkem/src/indcpa.c.su
32,static,/home/home/pqc/liboqs/src/kem/ml_kem/mlkem-native_ml-kem-768_ref/mlkem/src/indcpa.c:781:5:PQCP_MLKEM_NATIVE_MLKEM768_C_v29_lifecycle_workspace_set,build-c-rx-kem-s-resource-audit-v1/src/kem/ml_kem/CMakeFiles/ml_kem_768_ref.dir/mlkem-native_ml-kem-768_ref/mlkem/src/indcpa.c.su
32,static,/home/home/pqc/liboqs/tests/vectors_kem.c:87:9:get_ml_kem_k,build-c-rx-kem-s-resource-audit-v1/tests/CMakeFiles/vectors_kem.dir/vectors_kem.c.su
24,static,/home/home/pqc/liboqs/src/kem/ml_kem/mlkem-native_ml-kem-768_ref/mlkem/src/sampling.c:276:6:PQCP_MLKEM_NATIVE_MLKEM768_C_poly_cbd2,build-c-rx-kem-s-resource-audit-v1/src/kem/ml_kem/CMakeFiles/ml_kem_768_ref.dir/mlkem-native_ml-kem-768_ref/mlkem/src/sampling.c.su
24,static,/home/home/pqc/liboqs/src/kem/ml_kem/mlkem-native_ml-kem-768_ref/mlkem/src/compress.c:70:6:PQCP_MLKEM_NATIVE_MLKEM768_C_poly_compress_d4,build-c-rx-kem-s-resource-audit-v1/src/kem/ml_kem/CMakeFiles/ml_kem_768_ref.dir/mlkem-native_ml-kem-768_ref/mlkem/src/compress.c.su
16,static,/home/home/pqc/liboqs/src/kem/ml_kem/kem_ml_kem_768.c:9:10:OQS_KEM_ml_kem_768_new,build-c-rx-kem-s-resource-audit-v1/src/kem/ml_kem/CMakeFiles/ml_kem_768_ref.dir/kem_ml_kem_768.c.su
8,static,/home/home/pqc/liboqs/src/kem/kem.c:657:20:OQS_KEM_decaps,build-c-rx-kem-s-resource-audit-v1/src/CMakeFiles/oqs.dir/kem/kem.c.su
8,static,/home/home/pqc/liboqs/src/kem/ml_kem/mlkem-native_ml-kem-768_x86_64/mlkem/src/poly_k.c:188:6:PQCP_MLKEM_NATIVE_MLKEM768_X86_64_polyvec_basemul_acc_montgomery_cached,build-c-rx-kem-s-resource-audit-v1/src/kem/ml_kem/CMakeFiles/ml_kem_768_x86_64.dir/mlkem-native_ml-kem-768_x86_64/mlkem/src/poly_k.c.su
8,static,/home/home/pqc/liboqs/src/kem/ml_kem/mlkem-native_ml-kem-768_x86_64/mlkem/src/sampling.c:276:6:PQCP_MLKEM_NATIVE_MLKEM768_X86_64_poly_cbd2,build-c-rx-kem-s-resource-audit-v1/src/kem/ml_kem/CMakeFiles/ml_kem_768_x86_64.dir/mlkem-native_ml-kem-768_x86_64/mlkem/src/sampling.c.su
8,static,/home/home/pqc/liboqs/src/kem/ml_kem/mlkem-native_ml-kem-768_x86_64/mlkem/src/indcpa.c:399:8:PQCP_MLKEM_NATIVE_MLKEM768_X86_64_v27_keypair_workspace_bytes,build-c-rx-kem-s-resource-audit-v1/src/kem/ml_kem/CMakeFiles/ml_kem_768_x86_64.dir/mlkem-native_ml-kem-768_x86_64/mlkem/src/indcpa.c.su
8,static,/home/home/pqc/liboqs/src/kem/ml_kem/mlkem-native_ml-kem-768_x86_64/mlkem/src/indcpa.c:569:8:PQCP_MLKEM_NATIVE_MLKEM768_X86_64_v26_enc_workspace_bytes,build-c-rx-kem-s-resource-audit-v1/src/kem/ml_kem/CMakeFiles/ml_kem_768_x86_64.dir/mlkem-native_ml-kem-768_x86_64/mlkem/src/indcpa.c.su
8,static,/home/home/pqc/liboqs/src/kem/ml_kem/mlkem-native_ml-kem-768_x86_64/mlkem/src/indcpa.c:737:8:PQCP_MLKEM_NATIVE_MLKEM768_X86_64_v28_dec_workspace_bytes,build-c-rx-kem-s-resource-audit-v1/src/kem/ml_kem/CMakeFiles/ml_kem_768_x86_64.dir/mlkem-native_ml-kem-768_x86_64/mlkem/src/indcpa.c.su
8,static,/home/home/pqc/liboqs/src/kem/ml_kem/mlkem-native_ml-kem-768_x86_64/mlkem/src/indcpa.c:777:8:PQCP_MLKEM_NATIVE_MLKEM768_X86_64_v29_lifecycle_workspace_bytes,build-c-rx-kem-s-resource-audit-v1/src/kem/ml_kem/CMakeFiles/ml_kem_768_x86_64.dir/mlkem-native_ml-kem-768_x86_64/mlkem/src/indcpa.c.su
8,static,/home/home/pqc/liboqs/src/kem/ml_kem/mlkem-native_ml-kem-768_x86_64/mlkem/src/poly.c:137:6:PQCP_MLKEM_NATIVE_MLKEM768_X86_64_poly_tomont,build-c-rx-kem-s-resource-audit-v1/src/kem/ml_kem/CMakeFiles/ml_kem_768_x86_64.dir/mlkem-native_ml-kem-768_x86_64/mlkem/src/poly.c.su
8,static,/home/home/pqc/liboqs/src/kem/ml_kem/mlkem-native_ml-kem-768_x86_64/mlkem/src/poly.c:216:6:PQCP_MLKEM_NATIVE_MLKEM768_X86_64_poly_reduce,build-c-rx-kem-s-resource-audit-v1/src/kem/ml_kem/CMakeFiles/ml_kem_768_x86_64.dir/mlkem-native_ml-kem-768_x86_64/mlkem/src/poly.c.su
8,static,/home/home/pqc/liboqs/src/kem/ml_kem/mlkem-native_ml-kem-768_x86_64/mlkem/src/poly.c:235:6:PQCP_MLKEM_NATIVE_MLKEM768_X86_64_poly_add,build-c-rx-kem-s-resource-audit-v1/src/kem/ml_kem/CMakeFiles/ml_kem_768_x86_64.dir/mlkem-native_ml-kem-768_x86_64/mlkem/src/poly.c.su
8,static,/home/home/pqc/liboqs/src/kem/ml_kem/mlkem-native_ml-kem-768_x86_64/mlkem/src/poly.c:253:6:PQCP_MLKEM_NATIVE_MLKEM768_X86_64_poly_sub,build-c-rx-kem-s-resource-audit-v1/src/kem/ml_kem/CMakeFiles/ml_kem_768_x86_64.dir/mlkem-native_ml-kem-768_x86_64/mlkem/src/poly.c.su
8,static,/home/home/pqc/liboqs/src/kem/ml_kem/mlkem-native_ml-kem-768_x86_64/mlkem/src/poly.c:304:6:PQCP_MLKEM_NATIVE_MLKEM768_X86_64_poly_mulcache_compute,build-c-rx-kem-s-resource-audit-v1/src/kem/ml_kem/CMakeFiles/ml_kem_768_x86_64.dir/mlkem-native_ml-kem-768_x86_64/mlkem/src/poly.c.su
8,static,/home/home/pqc/liboqs/src/kem/ml_kem/mlkem-native_ml-kem-768_x86_64/mlkem/src/poly.c:456:6:PQCP_MLKEM_NATIVE_MLKEM768_X86_64_poly_ntt,build-c-rx-kem-s-resource-audit-v1/src/kem/ml_kem/CMakeFiles/ml_kem_768_x86_64.dir/mlkem-native_ml-kem-768_x86_64/mlkem/src/poly.c.su
8,static,/home/home/pqc/liboqs/src/kem/ml_kem/mlkem-native_ml-kem-768_x86_64/mlkem/src/poly.c:553:6:PQCP_MLKEM_NATIVE_MLKEM768_X86_64_poly_invntt_tomont,build-c-rx-kem-s-resource-audit-v1/src/kem/ml_kem/CMakeFiles/ml_kem_768_x86_64.dir/mlkem-native_ml-kem-768_x86_64/mlkem/src/poly.c.su
8,static,/home/home/pqc/liboqs/src/kem/ml_kem/mlkem-native_ml-kem-768_x86_64/mlkem/src/compress.c:70:6:PQCP_MLKEM_NATIVE_MLKEM768_X86_64_poly_compress_d4,build-c-rx-kem-s-resource-audit-v1/src/kem/ml_kem/CMakeFiles/ml_kem_768_x86_64.dir/mlkem-native_ml-kem-768_x86_64/mlkem/src/compress.c.su
8,static,/home/home/pqc/liboqs/src/kem/ml_kem/mlkem-native_ml-kem-768_x86_64/mlkem/src/compress.c:135:6:PQCP_MLKEM_NATIVE_MLKEM768_X86_64_poly_compress_d10,build-c-rx-kem-s-resource-audit-v1/src/kem/ml_kem/CMakeFiles/ml_kem_768_x86_64.dir/mlkem-native_ml-kem-768_x86_64/mlkem/src/compress.c.su
8,static,/home/home/pqc/liboqs/src/kem/ml_kem/mlkem-native_ml-kem-768_x86_64/mlkem/src/compress.c:182:6:PQCP_MLKEM_NATIVE_MLKEM768_X86_64_poly_decompress_d4,build-c-rx-kem-s-resource-audit-v1/src/kem/ml_kem/CMakeFiles/ml_kem_768_x86_64.dir/mlkem-native_ml-kem-768_x86_64/mlkem/src/compress.c.su
8,static,/home/home/pqc/liboqs/src/kem/ml_kem/mlkem-native_ml-kem-768_x86_64/mlkem/src/compress.c:243:6:PQCP_MLKEM_NATIVE_MLKEM768_X86_64_poly_decompress_d10,build-c-rx-kem-s-resource-audit-v1/src/kem/ml_kem/CMakeFiles/ml_kem_768_x86_64.dir/mlkem-native_ml-kem-768_x86_64/mlkem/src/compress.c.su
8,static,/home/home/pqc/liboqs/src/kem/ml_kem/mlkem-native_ml-kem-768_x86_64/mlkem/src/compress.c:593:6:PQCP_MLKEM_NATIVE_MLKEM768_X86_64_poly_tobytes,build-c-rx-kem-s-resource-audit-v1/src/kem/ml_kem/CMakeFiles/ml_kem_768_x86_64.dir/mlkem-native_ml-kem-768_x86_64/mlkem/src/compress.c.su
8,static,/home/home/pqc/liboqs/src/kem/ml_kem/mlkem-native_ml-kem-768_x86_64/mlkem/src/compress.c:636:6:PQCP_MLKEM_NATIVE_MLKEM768_X86_64_poly_frombytes,build-c-rx-kem-s-resource-audit-v1/src/kem/ml_kem/CMakeFiles/ml_kem_768_x86_64.dir/mlkem-native_ml-kem-768_x86_64/mlkem/src/compress.c.su
8,static,/home/home/pqc/liboqs/src/kem/ml_kem/mlkem-native_ml-kem-768_x86_64/mlkem/src/compress.c:657:6:PQCP_MLKEM_NATIVE_MLKEM768_X86_64_poly_frommsg,build-c-rx-kem-s-resource-audit-v1/src/kem/ml_kem/CMakeFiles/ml_kem_768_x86_64.dir/mlkem-native_ml-kem-768_x86_64/mlkem/src/compress.c.su
8,static,/home/home/pqc/liboqs/src/kem/ml_kem/mlkem-native_ml-kem-768_x86_64/mlkem/src/compress.c:693:6:PQCP_MLKEM_NATIVE_MLKEM768_X86_64_poly_tomsg,build-c-rx-kem-s-resource-audit-v1/src/kem/ml_kem/CMakeFiles/ml_kem_768_x86_64.dir/mlkem-native_ml-kem-768_x86_64/mlkem/src/compress.c.su
8,static,/home/home/pqc/liboqs/src/kem/ml_kem/mlkem-native_ml-kem-768_ref/mlkem/src/sampling.c:32:30:mlk_rej_uniform_c.constprop,build-c-rx-kem-s-resource-audit-v1/src/kem/ml_kem/CMakeFiles/ml_kem_768_ref.dir/mlkem-native_ml-kem-768_ref/mlkem/src/sampling.c.su
8,static,/home/home/pqc/liboqs/src/kem/ml_kem/mlkem-native_ml-kem-768_ref/mlkem/src/indcpa.c:399:8:PQCP_MLKEM_NATIVE_MLKEM768_C_v27_keypair_workspace_bytes,build-c-rx-kem-s-resource-audit-v1/src/kem/ml_kem/CMakeFiles/ml_kem_768_ref.dir/mlkem-native_ml-kem-768_ref/mlkem/src/indcpa.c.su
8,static,/home/home/pqc/liboqs/src/kem/ml_kem/mlkem-native_ml-kem-768_ref/mlkem/src/indcpa.c:569:8:PQCP_MLKEM_NATIVE_MLKEM768_C_v26_enc_workspace_bytes,build-c-rx-kem-s-resource-audit-v1/src/kem/ml_kem/CMakeFiles/ml_kem_768_ref.dir/mlkem-native_ml-kem-768_ref/mlkem/src/indcpa.c.su
8,static,/home/home/pqc/liboqs/src/kem/ml_kem/mlkem-native_ml-kem-768_ref/mlkem/src/indcpa.c:737:8:PQCP_MLKEM_NATIVE_MLKEM768_C_v28_dec_workspace_bytes,build-c-rx-kem-s-resource-audit-v1/src/kem/ml_kem/CMakeFiles/ml_kem_768_ref.dir/mlkem-native_ml-kem-768_ref/mlkem/src/indcpa.c.su
8,static,/home/home/pqc/liboqs/src/kem/ml_kem/mlkem-native_ml-kem-768_ref/mlkem/src/indcpa.c:777:8:PQCP_MLKEM_NATIVE_MLKEM768_C_v29_lifecycle_workspace_bytes,build-c-rx-kem-s-resource-audit-v1/src/kem/ml_kem/CMakeFiles/ml_kem_768_ref.dir/mlkem-native_ml-kem-768_ref/mlkem/src/indcpa.c.su
8,static,/home/home/pqc/liboqs/src/kem/ml_kem/mlkem-native_ml-kem-768_ref/mlkem/src/poly.c:137:6:PQCP_MLKEM_NATIVE_MLKEM768_C_poly_tomont,build-c-rx-kem-s-resource-audit-v1/src/kem/ml_kem/CMakeFiles/ml_kem_768_ref.dir/mlkem-native_ml-kem-768_ref/mlkem/src/poly.c.su
8,static,/home/home/pqc/liboqs/src/kem/ml_kem/mlkem-native_ml-kem-768_ref/mlkem/src/poly.c:216:6:PQCP_MLKEM_NATIVE_MLKEM768_C_poly_reduce,build-c-rx-kem-s-resource-audit-v1/src/kem/ml_kem/CMakeFiles/ml_kem_768_ref.dir/mlkem-native_ml-kem-768_ref/mlkem/src/poly.c.su
8,static,/home/home/pqc/liboqs/src/kem/ml_kem/mlkem-native_ml-kem-768_ref/mlkem/src/poly.c:235:6:PQCP_MLKEM_NATIVE_MLKEM768_C_poly_add,build-c-rx-kem-s-resource-audit-v1/src/kem/ml_kem/CMakeFiles/ml_kem_768_ref.dir/mlkem-native_ml-kem-768_ref/mlkem/src/poly.c.su
8,static,/home/home/pqc/liboqs/src/kem/ml_kem/mlkem-native_ml-kem-768_ref/mlkem/src/poly.c:253:6:PQCP_MLKEM_NATIVE_MLKEM768_C_poly_sub,build-c-rx-kem-s-resource-audit-v1/src/kem/ml_kem/CMakeFiles/ml_kem_768_ref.dir/mlkem-native_ml-kem-768_ref/mlkem/src/poly.c.su
8,static,/home/home/pqc/liboqs/src/kem/ml_kem/mlkem-native_ml-kem-768_ref/mlkem/src/poly.c:304:6:PQCP_MLKEM_NATIVE_MLKEM768_C_poly_mulcache_compute,build-c-rx-kem-s-resource-audit-v1/src/kem/ml_kem/CMakeFiles/ml_kem_768_ref.dir/mlkem-native_ml-kem-768_ref/mlkem/src/poly.c.su
8,static,/home/home/pqc/liboqs/src/kem/ml_kem/mlkem-native_ml-kem-768_ref/mlkem/src/compress.c:182:6:PQCP_MLKEM_NATIVE_MLKEM768_C_poly_decompress_d4,build-c-rx-kem-s-resource-audit-v1/src/kem/ml_kem/CMakeFiles/ml_kem_768_ref.dir/mlkem-native_ml-kem-768_ref/mlkem/src/compress.c.su
8,static,/home/home/pqc/liboqs/src/kem/ml_kem/mlkem-native_ml-kem-768_ref/mlkem/src/compress.c:243:6:PQCP_MLKEM_NATIVE_MLKEM768_C_poly_decompress_d10,build-c-rx-kem-s-resource-audit-v1/src/kem/ml_kem/CMakeFiles/ml_kem_768_ref.dir/mlkem-native_ml-kem-768_ref/mlkem/src/compress.c.su
8,static,/home/home/pqc/liboqs/src/kem/ml_kem/mlkem-native_ml-kem-768_ref/mlkem/src/compress.c:593:6:PQCP_MLKEM_NATIVE_MLKEM768_C_poly_tobytes,build-c-rx-kem-s-resource-audit-v1/src/kem/ml_kem/CMakeFiles/ml_kem_768_ref.dir/mlkem-native_ml-kem-768_ref/mlkem/src/compress.c.su
8,static,/home/home/pqc/liboqs/src/kem/ml_kem/mlkem-native_ml-kem-768_ref/mlkem/src/compress.c:636:6:PQCP_MLKEM_NATIVE_MLKEM768_C_poly_frombytes,build-c-rx-kem-s-resource-audit-v1/src/kem/ml_kem/CMakeFiles/ml_kem_768_ref.dir/mlkem-native_ml-kem-768_ref/mlkem/src/compress.c.su
8,static,/home/home/pqc/liboqs/src/kem/ml_kem/mlkem-native_ml-kem-768_ref/mlkem/src/compress.c:657:6:PQCP_MLKEM_NATIVE_MLKEM768_C_poly_frommsg,build-c-rx-kem-s-resource-audit-v1/src/kem/ml_kem/CMakeFiles/ml_kem_768_ref.dir/mlkem-native_ml-kem-768_ref/mlkem/src/compress.c.su
8,static,/home/home/pqc/liboqs/src/kem/ml_kem/mlkem-native_ml-kem-768_ref/mlkem/src/compress.c:693:6:PQCP_MLKEM_NATIVE_MLKEM768_C_poly_tomsg,build-c-rx-kem-s-resource-audit-v1/src/kem/ml_kem/CMakeFiles/ml_kem_768_ref.dir/mlkem-native_ml-kem-768_ref/mlkem/src/compress.c.su
