bytes,kind,function,source,line,column,su_file
3648,static,PQCP_MLDSA_NATIVE_MLDSA44_C_poly_uniform_4x,/home/home/pqc/liboqs/src/sig/ml_dsa/mldsa-native_ml-dsa-44_ref/mldsa/src/poly.c,682,6,src/sig/ml_dsa/CMakeFiles/ml_dsa_44_ref.dir/mldsa-native_ml-dsa-44_ref/mldsa/src/poly.c.su
3648,static,PQCP_MLDSA_NATIVE_MLDSA44_X86_64_poly_uniform_4x,/home/home/pqc/liboqs/src/sig/ml_dsa/mldsa-native_ml-dsa-44_x86_64/mldsa/src/poly.c,682,6,src/sig/ml_dsa/CMakeFiles/ml_dsa_44_x86_64.dir/mldsa-native_ml-dsa-44_x86_64/mldsa/src/poly.c.su
3360,static,PQCP_MLDSA_NATIVE_MLDSA44_C_poly_uniform_gamma1_4x,/home/home/pqc/liboqs/src/sig/ml_dsa/mldsa-native_ml-dsa-44_ref/mldsa/src/poly_kl.c,510,6,src/sig/ml_dsa/CMakeFiles/ml_dsa_44_ref.dir/mldsa-native_ml-dsa-44_ref/mldsa/src/poly_kl.c.su
3360,static,PQCP_MLDSA_NATIVE_MLDSA44_X86_64_poly_uniform_gamma1_4x,/home/home/pqc/liboqs/src/sig/ml_dsa/mldsa-native_ml-dsa-44_x86_64/mldsa/src/poly_kl.c,510,6,src/sig/ml_dsa/CMakeFiles/ml_dsa_44_x86_64.dir/mldsa-native_ml-dsa-44_x86_64/mldsa/src/poly_kl.c.su
2176,static,mld_compute_pack_t0_t1,/home/home/pqc/liboqs/src/sig/ml_dsa/mldsa-native_ml-dsa-44_ref/mldsa/src/sign.c,428,12,src/sig/ml_dsa/CMakeFiles/ml_dsa_44_ref.dir/mldsa-native_ml-dsa-44_ref/mldsa/src/sign.c.su
2176,static,mld_compute_pack_t0_t1,/home/home/pqc/liboqs/src/sig/ml_dsa/mldsa-native_ml-dsa-44_x86_64/mldsa/src/sign.c,428,12,src/sig/ml_dsa/CMakeFiles/ml_dsa_44_x86_64.dir/mldsa-native_ml-dsa-44_x86_64/mldsa/src/sign.c.su
1216,static,PQCP_MLDSA_NATIVE_MLDSA44_C_poly_uniform_eta_4x,/home/home/pqc/liboqs/src/sig/ml_dsa/mldsa-native_ml-dsa-44_ref/mldsa/src/poly_kl.c,326,6,src/sig/ml_dsa/CMakeFiles/ml_dsa_44_ref.dir/mldsa-native_ml-dsa-44_ref/mldsa/src/poly_kl.c.su
1216,static,PQCP_MLDSA_NATIVE_MLDSA44_X86_64_poly_uniform_eta_4x,/home/home/pqc/liboqs/src/sig/ml_dsa/mldsa-native_ml-dsa-44_x86_64/mldsa/src/poly_kl.c,326,6,src/sig/ml_dsa/CMakeFiles/ml_dsa_44_x86_64.dir/mldsa-native_ml-dsa-44_x86_64/mldsa/src/poly_kl.c.su
960,static,PQCP_MLDSA_NATIVE_MLDSA44_C_poly_uniform,/home/home/pqc/liboqs/src/sig/ml_dsa/mldsa-native_ml-dsa-44_ref/mldsa/src/poly.c,648,6,src/sig/ml_dsa/CMakeFiles/ml_dsa_44_ref.dir/mldsa-native_ml-dsa-44_ref/mldsa/src/poly.c.su
960,static,PQCP_MLDSA_NATIVE_MLDSA44_X86_64_poly_uniform,/home/home/pqc/liboqs/src/sig/ml_dsa/mldsa-native_ml-dsa-44_x86_64/mldsa/src/poly.c,648,6,src/sig/ml_dsa/CMakeFiles/ml_dsa_44_x86_64.dir/mldsa-native_ml-dsa-44_x86_64/mldsa/src/poly.c.su
544,"dynamic,bounded",PQCP_MLDSA_NATIVE_MLDSA44_C_signature,/home/home/pqc/liboqs/src/sig/ml_dsa/mldsa-native_ml-dsa-44_ref/mldsa/src/sign.c,1574,5,src/sig/ml_dsa/CMakeFiles/ml_dsa_44_ref.dir/mldsa-native_ml-dsa-44_ref/mldsa/src/sign.c.su
544,"dynamic,bounded",PQCP_MLDSA_NATIVE_MLDSA44_X86_64_signature,/home/home/pqc/liboqs/src/sig/ml_dsa/mldsa-native_ml-dsa-44_x86_64/mldsa/src/sign.c,1574,5,src/sig/ml_dsa/CMakeFiles/ml_dsa_44_x86_64.dir/mldsa-native_ml-dsa-44_x86_64/mldsa/src/sign.c.su
528,"dynamic,bounded",PQCP_MLDSA_NATIVE_MLDSA44_C_signature_internal,/home/home/pqc/liboqs/src/sig/ml_dsa/mldsa-native_ml-dsa-44_ref/mldsa/src/sign.c,1444,5,src/sig/ml_dsa/CMakeFiles/ml_dsa_44_ref.dir/mldsa-native_ml-dsa-44_ref/mldsa/src/sign.c.su
528,"dynamic,bounded",PQCP_MLDSA_NATIVE_MLDSA44_X86_64_signature_internal,/home/home/pqc/liboqs/src/sig/ml_dsa/mldsa-native_ml-dsa-44_x86_64/mldsa/src/sign.c,1444,5,src/sig/ml_dsa/CMakeFiles/ml_dsa_44_x86_64.dir/mldsa-native_ml-dsa-44_x86_64/mldsa/src/sign.c.su
496,"dynamic,bounded",PQCP_MLDSA_NATIVE_MLDSA44_C_verify,/home/home/pqc/liboqs/src/sig/ml_dsa/mldsa-native_ml-dsa-44_ref/mldsa/src/sign.c,1869,5,src/sig/ml_dsa/CMakeFiles/ml_dsa_44_ref.dir/mldsa-native_ml-dsa-44_ref/mldsa/src/sign.c.su
496,"dynamic,bounded",PQCP_MLDSA_NATIVE_MLDSA44_X86_64_verify,/home/home/pqc/liboqs/src/sig/ml_dsa/mldsa-native_ml-dsa-44_x86_64/mldsa/src/sign.c,1869,5,src/sig/ml_dsa/CMakeFiles/ml_dsa_44_x86_64.dir/mldsa-native_ml-dsa-44_x86_64/mldsa/src/sign.c.su
480,"dynamic,bounded",PQCP_MLDSA_NATIVE_MLDSA44_C_signature_pre_hash_internal,/home/home/pqc/liboqs/src/sig/ml_dsa/mldsa-native_ml-dsa-44_ref/mldsa/src/sign.c,1958,5,src/sig/ml_dsa/CMakeFiles/ml_dsa_44_ref.dir/mldsa-native_ml-dsa-44_ref/mldsa/src/sign.c.su
480,"dynamic,bounded",PQCP_MLDSA_NATIVE_MLDSA44_X86_64_signature_pre_hash_internal,/home/home/pqc/liboqs/src/sig/ml_dsa/mldsa-native_ml-dsa-44_x86_64/mldsa/src/sign.c,1958,5,src/sig/ml_dsa/CMakeFiles/ml_dsa_44_x86_64.dir/mldsa-native_ml-dsa-44_x86_64/mldsa/src/sign.c.su
464,"dynamic,bounded",PQCP_MLDSA_NATIVE_MLDSA44_C_verify_pre_hash_internal,/home/home/pqc/liboqs/src/sig/ml_dsa/mldsa-native_ml-dsa-44_ref/mldsa/src/sign.c,2001,5,src/sig/ml_dsa/CMakeFiles/ml_dsa_44_ref.dir/mldsa-native_ml-dsa-44_ref/mldsa/src/sign.c.su
464,"dynamic,bounded",PQCP_MLDSA_NATIVE_MLDSA44_X86_64_verify_pre_hash_internal,/home/home/pqc/liboqs/src/sig/ml_dsa/mldsa-native_ml-dsa-44_x86_64/mldsa/src/sign.c,2001,5,src/sig/ml_dsa/CMakeFiles/ml_dsa_44_x86_64.dir/mldsa-native_ml-dsa-44_x86_64/mldsa/src/sign.c.su
384,static,PQCP_MLDSA_NATIVE_MLDSA44_X86_64_polyvec_matrix_expand_eager,/home/home/pqc/liboqs/src/sig/ml_dsa/mldsa-native_ml-dsa-44_x86_64/mldsa/src/polyvec_lazy.c,59,6,src/sig/ml_dsa/CMakeFiles/ml_dsa_44_x86_64.dir/mldsa-native_ml-dsa-44_x86_64/mldsa/src/polyvec_lazy.c.su
352,static,PQCP_MLDSA_NATIVE_MLDSA44_C_polyvec_matrix_expand_eager,/home/home/pqc/liboqs/src/sig/ml_dsa/mldsa-native_ml-dsa-44_ref/mldsa/src/polyvec_lazy.c,59,6,src/sig/ml_dsa/CMakeFiles/ml_dsa_44_ref.dir/mldsa-native_ml-dsa-44_ref/mldsa/src/polyvec_lazy.c.su
256,"dynamic,bounded",PQCP_MLDSA_NATIVE_MLDSA44_C_signature_pre_hash_shake256,/home/home/pqc/liboqs/src/sig/ml_dsa/mldsa-native_ml-dsa-44_ref/mldsa/src/sign.c,2032,5,src/sig/ml_dsa/CMakeFiles/ml_dsa_44_ref.dir/mldsa-native_ml-dsa-44_ref/mldsa/src/sign.c.su
256,static,PQCP_MLDSA_NATIVE_MLDSA44_C_poly_challenge,/home/home/pqc/liboqs/src/sig/ml_dsa/mldsa-native_ml-dsa-44_ref/mldsa/src/poly_kl.c,563,6,src/sig/ml_dsa/CMakeFiles/ml_dsa_44_ref.dir/mldsa-native_ml-dsa-44_ref/mldsa/src/poly_kl.c.su
256,"dynamic,bounded",PQCP_MLDSA_NATIVE_MLDSA44_X86_64_signature_pre_hash_shake256,/home/home/pqc/liboqs/src/sig/ml_dsa/mldsa-native_ml-dsa-44_x86_64/mldsa/src/sign.c,2032,5,src/sig/ml_dsa/CMakeFiles/ml_dsa_44_x86_64.dir/mldsa-native_ml-dsa-44_x86_64/mldsa/src/sign.c.su
256,static,PQCP_MLDSA_NATIVE_MLDSA44_X86_64_poly_challenge,/home/home/pqc/liboqs/src/sig/ml_dsa/mldsa-native_ml-dsa-44_x86_64/mldsa/src/poly_kl.c,563,6,src/sig/ml_dsa/CMakeFiles/ml_dsa_44_x86_64.dir/mldsa-native_ml-dsa-44_x86_64/mldsa/src/poly_kl.c.su
240,"dynamic,bounded",PQCP_MLDSA_NATIVE_MLDSA44_C_verify_pre_hash_shake256,/home/home/pqc/liboqs/src/sig/ml_dsa/mldsa-native_ml-dsa-44_ref/mldsa/src/sign.c,2054,5,src/sig/ml_dsa/CMakeFiles/ml_dsa_44_ref.dir/mldsa-native_ml-dsa-44_ref/mldsa/src/sign.c.su
240,"dynamic,bounded",PQCP_MLDSA_NATIVE_MLDSA44_X86_64_verify_pre_hash_shake256,/home/home/pqc/liboqs/src/sig/ml_dsa/mldsa-native_ml-dsa-44_x86_64/mldsa/src/sign.c,2054,5,src/sig/ml_dsa/CMakeFiles/ml_dsa_44_x86_64.dir/mldsa-native_ml-dsa-44_x86_64/mldsa/src/sign.c.su
224,"dynamic,bounded",PQCP_MLDSA_NATIVE_MLDSA44_C_signature_extmu,/home/home/pqc/liboqs/src/sig/ml_dsa/mldsa-native_ml-dsa-44_ref/mldsa/src/sign.c,1636,5,src/sig/ml_dsa/CMakeFiles/ml_dsa_44_ref.dir/mldsa-native_ml-dsa-44_ref/mldsa/src/sign.c.su
224,"dynamic,bounded",PQCP_MLDSA_NATIVE_MLDSA44_X86_64_signature_extmu,/home/home/pqc/liboqs/src/sig/ml_dsa/mldsa-native_ml-dsa-44_x86_64/mldsa/src/sign.c,1636,5,src/sig/ml_dsa/CMakeFiles/ml_dsa_44_x86_64.dir/mldsa-native_ml-dsa-44_x86_64/mldsa/src/sign.c.su
224,"dynamic,bounded",PQCP_MLDSA_NATIVE_MLDSA44_X86_64_verify_internal,/home/home/pqc/liboqs/src/sig/ml_dsa/mldsa-native_ml-dsa-44_x86_64/mldsa/src/sign.c,1707,5,src/sig/ml_dsa/CMakeFiles/ml_dsa_44_x86_64.dir/mldsa-native_ml-dsa-44_x86_64/mldsa/src/sign.c.su
176,"dynamic,bounded",PQCP_MLDSA_NATIVE_MLDSA44_C_verify_internal,/home/home/pqc/liboqs/src/sig/ml_dsa/mldsa-native_ml-dsa-44_ref/mldsa/src/sign.c,1707,5,src/sig/ml_dsa/CMakeFiles/ml_dsa_44_ref.dir/mldsa-native_ml-dsa-44_ref/mldsa/src/sign.c.su
160,"dynamic,bounded",PQCP_MLDSA_NATIVE_MLDSA44_X86_64_keypair_internal,/home/home/pqc/liboqs/src/sig/ml_dsa/mldsa-native_ml-dsa-44_x86_64/mldsa/src/sign.c,593,5,src/sig/ml_dsa/CMakeFiles/ml_dsa_44_x86_64.dir/mldsa-native_ml-dsa-44_x86_64/mldsa/src/sign.c.su
128,static,PQCP_MLDSA_NATIVE_MLDSA44_C_keypair,/home/home/pqc/liboqs/src/sig/ml_dsa/mldsa-native_ml-dsa-44_ref/mldsa/src/sign.c,696,5,src/sig/ml_dsa/CMakeFiles/ml_dsa_44_ref.dir/mldsa-native_ml-dsa-44_ref/mldsa/src/sign.c.su
128,static,PQCP_MLDSA_NATIVE_MLDSA44_X86_64_keypair,/home/home/pqc/liboqs/src/sig/ml_dsa/mldsa-native_ml-dsa-44_x86_64/mldsa/src/sign.c,696,5,src/sig/ml_dsa/CMakeFiles/ml_dsa_44_x86_64.dir/mldsa-native_ml-dsa-44_x86_64/mldsa/src/sign.c.su
112,static,mld_H,/home/home/pqc/liboqs/src/sig/ml_dsa/mldsa-native_ml-dsa-44_ref/mldsa/src/sign.c,742,13,src/sig/ml_dsa/CMakeFiles/ml_dsa_44_ref.dir/mldsa-native_ml-dsa-44_ref/mldsa/src/sign.c.su
112,"dynamic,bounded",PQCP_MLDSA_NATIVE_MLDSA44_C_keypair_internal,/home/home/pqc/liboqs/src/sig/ml_dsa/mldsa-native_ml-dsa-44_ref/mldsa/src/sign.c,593,5,src/sig/ml_dsa/CMakeFiles/ml_dsa_44_ref.dir/mldsa-native_ml-dsa-44_ref/mldsa/src/sign.c.su
112,static,mld_H,/home/home/pqc/liboqs/src/sig/ml_dsa/mldsa-native_ml-dsa-44_x86_64/mldsa/src/sign.c,742,13,src/sig/ml_dsa/CMakeFiles/ml_dsa_44_x86_64.dir/mldsa-native_ml-dsa-44_x86_64/mldsa/src/sign.c.su
96,static,PQCP_MLDSA_NATIVE_MLDSA44_X86_64_pk_from_sk,/home/home/pqc/liboqs/src/sig/ml_dsa/mldsa-native_ml-dsa-44_x86_64/mldsa/src/sign.c,2199,5,src/sig/ml_dsa/CMakeFiles/ml_dsa_44_x86_64.dir/mldsa-native_ml-dsa-44_x86_64/mldsa/src/sign.c.su
80,"dynamic,bounded",OQS_SIG_ml_dsa_44_sign,/home/home/pqc/liboqs/src/sig/ml_dsa/sig_ml_dsa_44.c,77,20,src/sig/ml_dsa/CMakeFiles/ml_dsa_44_ref.dir/sig_ml_dsa_44.c.su
80,static,OQS_SIG_ml_dsa_44_sign_with_ctx_str,/home/home/pqc/liboqs/src/sig/ml_dsa/sig_ml_dsa_44.c,128,20,src/sig/ml_dsa/CMakeFiles/ml_dsa_44_ref.dir/sig_ml_dsa_44.c.su
80,"dynamic,bounded",OQS_SIG_ml_dsa_44_verify,/home/home/pqc/liboqs/src/sig/ml_dsa/sig_ml_dsa_44.c,103,20,src/sig/ml_dsa/CMakeFiles/ml_dsa_44_ref.dir/sig_ml_dsa_44.c.su
80,static,OQS_SIG_ml_dsa_44_verify_with_ctx_str,/home/home/pqc/liboqs/src/sig/ml_dsa/sig_ml_dsa_44.c,154,20,src/sig/ml_dsa/CMakeFiles/ml_dsa_44_ref.dir/sig_ml_dsa_44.c.su
80,"dynamic,bounded",PQCP_MLDSA_NATIVE_MLDSA44_C_open,/home/home/pqc/liboqs/src/sig/ml_dsa/mldsa-native_ml-dsa-44_ref/mldsa/src/sign.c,1909,5,src/sig/ml_dsa/CMakeFiles/ml_dsa_44_ref.dir/mldsa-native_ml-dsa-44_ref/mldsa/src/sign.c.su
80,static,PQCP_MLDSA_NATIVE_MLDSA44_C_pk_from_sk,/home/home/pqc/liboqs/src/sig/ml_dsa/mldsa-native_ml-dsa-44_ref/mldsa/src/sign.c,2199,5,src/sig/ml_dsa/CMakeFiles/ml_dsa_44_ref.dir/mldsa-native_ml-dsa-44_ref/mldsa/src/sign.c.su
80,"dynamic,bounded",PQCP_MLDSA_NATIVE_MLDSA44_X86_64_open,/home/home/pqc/liboqs/src/sig/ml_dsa/mldsa-native_ml-dsa-44_x86_64/mldsa/src/sign.c,1909,5,src/sig/ml_dsa/CMakeFiles/ml_dsa_44_x86_64.dir/mldsa-native_ml-dsa-44_x86_64/mldsa/src/sign.c.su
64,static,PQCP_MLDSA_NATIVE_MLDSA44_C_prepare_domain_separation_prefix,/home/home/pqc/liboqs/src/sig/ml_dsa/mldsa-native_ml-dsa-44_ref/mldsa/src/sign.c,2160,8,src/sig/ml_dsa/CMakeFiles/ml_dsa_44_ref.dir/mldsa-native_ml-dsa-44_ref/mldsa/src/sign.c.su
64,static,PQCP_MLDSA_NATIVE_MLDSA44_C_polyvec_matrix_pointwise_montgomery_yvec_eager,/home/home/pqc/liboqs/src/sig/ml_dsa/mldsa-native_ml-dsa-44_ref/mldsa/src/polyvec_lazy.c,157,6,src/sig/ml_dsa/CMakeFiles/ml_dsa_44_ref.dir/mldsa-native_ml-dsa-44_ref/mldsa/src/polyvec_lazy.c.su
64,static,PQCP_MLDSA_NATIVE_MLDSA44_X86_64_prepare_domain_separation_prefix,/home/home/pqc/liboqs/src/sig/ml_dsa/mldsa-native_ml-dsa-44_x86_64/mldsa/src/sign.c,2160,8,src/sig/ml_dsa/CMakeFiles/ml_dsa_44_x86_64.dir/mldsa-native_ml-dsa-44_x86_64/mldsa/src/sign.c.su
64,static,PQCP_MLDSA_NATIVE_MLDSA44_X86_64_unpack_sk,/home/home/pqc/liboqs/src/sig/ml_dsa/mldsa-native_ml-dsa-44_x86_64/mldsa/src/packing.c,63,6,src/sig/ml_dsa/CMakeFiles/ml_dsa_44_x86_64.dir/mldsa-native_ml-dsa-44_x86_64/mldsa/src/packing.c.su
64,static,PQCP_MLDSA_NATIVE_MLDSA44_X86_64_polyvec_matrix_pointwise_montgomery_yvec_eager,/home/home/pqc/liboqs/src/sig/ml_dsa/mldsa-native_ml-dsa-44_x86_64/mldsa/src/polyvec_lazy.c,157,6,src/sig/ml_dsa/CMakeFiles/ml_dsa_44_x86_64.dir/mldsa-native_ml-dsa-44_x86_64/mldsa/src/polyvec_lazy.c.su
56,static,PQCP_MLDSA_NATIVE_MLDSA44_C_poly_ntt,/home/home/pqc/liboqs/src/sig/ml_dsa/mldsa-native_ml-dsa-44_ref/mldsa/src/poly.c,319,6,src/sig/ml_dsa/CMakeFiles/ml_dsa_44_ref.dir/mldsa-native_ml-dsa-44_ref/mldsa/src/poly.c.su
56,static,PQCP_MLDSA_NATIVE_MLDSA44_C_poly_invntt_tomont,/home/home/pqc/liboqs/src/sig/ml_dsa/mldsa-native_ml-dsa-44_ref/mldsa/src/poly.c,444,6,src/sig/ml_dsa/CMakeFiles/ml_dsa_44_ref.dir/mldsa-native_ml-dsa-44_ref/mldsa/src/poly.c.su
56,static,PQCP_MLDSA_NATIVE_MLDSA44_C_polyt0_pack,/home/home/pqc/liboqs/src/sig/ml_dsa/mldsa-native_ml-dsa-44_ref/mldsa/src/poly.c,803,6,src/sig/ml_dsa/CMakeFiles/ml_dsa_44_ref.dir/mldsa-native_ml-dsa-44_ref/mldsa/src/poly.c.su
56,static,PQCP_MLDSA_NATIVE_MLDSA44_X86_64_polyt0_pack,/home/home/pqc/liboqs/src/sig/ml_dsa/mldsa-native_ml-dsa-44_x86_64/mldsa/src/poly.c,803,6,src/sig/ml_dsa/CMakeFiles/ml_dsa_44_x86_64.dir/mldsa-native_ml-dsa-44_x86_64/mldsa/src/poly.c.su
48,"dynamic,bounded",PQCP_MLDSA_NATIVE_MLDSA44_C_sign,/home/home/pqc/liboqs/src/sig/ml_dsa/mldsa-native_ml-dsa-44_ref/mldsa/src/sign.c,1675,5,src/sig/ml_dsa/CMakeFiles/ml_dsa_44_ref.dir/mldsa-native_ml-dsa-44_ref/mldsa/src/sign.c.su
48,"dynamic,bounded",PQCP_MLDSA_NATIVE_MLDSA44_C_polyvecl_uniform_gamma1,/home/home/pqc/liboqs/src/sig/ml_dsa/mldsa-native_ml-dsa-44_ref/mldsa/src/polyvec.c,31,6,src/sig/ml_dsa/CMakeFiles/ml_dsa_44_ref.dir/mldsa-native_ml-dsa-44_ref/mldsa/src/polyvec.c.su
48,static,PQCP_MLDSA_NATIVE_MLDSA44_C_polyvecl_chknorm,/home/home/pqc/liboqs/src/sig/ml_dsa/mldsa-native_ml-dsa-44_ref/mldsa/src/polyvec.c,213,10,src/sig/ml_dsa/CMakeFiles/ml_dsa_44_ref.dir/mldsa-native_ml-dsa-44_ref/mldsa/src/polyvec.c.su
48,static,PQCP_MLDSA_NATIVE_MLDSA44_C_polyveck_chknorm,/home/home/pqc/liboqs/src/sig/ml_dsa/mldsa-native_ml-dsa-44_ref/mldsa/src/polyvec.c,340,10,src/sig/ml_dsa/CMakeFiles/ml_dsa_44_ref.dir/mldsa-native_ml-dsa-44_ref/mldsa/src/polyvec.c.su
48,static,PQCP_MLDSA_NATIVE_MLDSA44_C_polyveck_decompose,/home/home/pqc/liboqs/src/sig/ml_dsa/mldsa-native_ml-dsa-44_ref/mldsa/src/polyvec.c,369,6,src/sig/ml_dsa/CMakeFiles/ml_dsa_44_ref.dir/mldsa-native_ml-dsa-44_ref/mldsa/src/polyvec.c.su
48,static,PQCP_MLDSA_NATIVE_MLDSA44_C_polyveck_pack_w1,/home/home/pqc/liboqs/src/sig/ml_dsa/mldsa-native_ml-dsa-44_ref/mldsa/src/polyvec.c,398,6,src/sig/ml_dsa/CMakeFiles/ml_dsa_44_ref.dir/mldsa-native_ml-dsa-44_ref/mldsa/src/polyvec.c.su
48,static,PQCP_MLDSA_NATIVE_MLDSA44_C_polyveck_pack_eta,/home/home/pqc/liboqs/src/sig/ml_dsa/mldsa-native_ml-dsa-44_ref/mldsa/src/polyvec.c,419,6,src/sig/ml_dsa/CMakeFiles/ml_dsa_44_ref.dir/mldsa-native_ml-dsa-44_ref/mldsa/src/polyvec.c.su
48,static,PQCP_MLDSA_NATIVE_MLDSA44_C_polyvecl_pack_eta,/home/home/pqc/liboqs/src/sig/ml_dsa/mldsa-native_ml-dsa-44_ref/mldsa/src/polyvec.c,436,6,src/sig/ml_dsa/CMakeFiles/ml_dsa_44_ref.dir/mldsa-native_ml-dsa-44_ref/mldsa/src/polyvec.c.su
48,static,PQCP_MLDSA_NATIVE_MLDSA44_C_polyvecl_unpack_eta,/home/home/pqc/liboqs/src/sig/ml_dsa/mldsa-native_ml-dsa-44_ref/mldsa/src/polyvec.c,458,6,src/sig/ml_dsa/CMakeFiles/ml_dsa_44_ref.dir/mldsa-native_ml-dsa-44_ref/mldsa/src/polyvec.c.su
48,static,PQCP_MLDSA_NATIVE_MLDSA44_C_polyvecl_unpack_z,/home/home/pqc/liboqs/src/sig/ml_dsa/mldsa-native_ml-dsa-44_ref/mldsa/src/polyvec.c,475,6,src/sig/ml_dsa/CMakeFiles/ml_dsa_44_ref.dir/mldsa-native_ml-dsa-44_ref/mldsa/src/polyvec.c.su
48,static,PQCP_MLDSA_NATIVE_MLDSA44_C_polyveck_unpack_eta,/home/home/pqc/liboqs/src/sig/ml_dsa/mldsa-native_ml-dsa-44_ref/mldsa/src/polyvec.c,493,6,src/sig/ml_dsa/CMakeFiles/ml_dsa_44_ref.dir/mldsa-native_ml-dsa-44_ref/mldsa/src/polyvec.c.su
48,static,PQCP_MLDSA_NATIVE_MLDSA44_C_unpack_sk,/home/home/pqc/liboqs/src/sig/ml_dsa/mldsa-native_ml-dsa-44_ref/mldsa/src/packing.c,63,6,src/sig/ml_dsa/CMakeFiles/ml_dsa_44_ref.dir/mldsa-native_ml-dsa-44_ref/mldsa/src/packing.c.su
48,static,PQCP_MLDSA_NATIVE_MLDSA44_C_polyt0_unpack,/home/home/pqc/liboqs/src/sig/ml_dsa/mldsa-native_ml-dsa-44_ref/mldsa/src/poly.c,853,6,src/sig/ml_dsa/CMakeFiles/ml_dsa_44_ref.dir/mldsa-native_ml-dsa-44_ref/mldsa/src/poly.c.su
48,"dynamic,bounded",PQCP_MLDSA_NATIVE_MLDSA44_X86_64_sign,/home/home/pqc/liboqs/src/sig/ml_dsa/mldsa-native_ml-dsa-44_x86_64/mldsa/src/sign.c,1675,5,src/sig/ml_dsa/CMakeFiles/ml_dsa_44_x86_64.dir/mldsa-native_ml-dsa-44_x86_64/mldsa/src/sign.c.su
48,static,mld_rej_eta.constprop,/home/home/pqc/liboqs/src/sig/ml_dsa/mldsa-native_ml-dsa-44_x86_64/mldsa/src/poly_kl.c,278,21,src/sig/ml_dsa/CMakeFiles/ml_dsa_44_x86_64.dir/mldsa-native_ml-dsa-44_x86_64/mldsa/src/poly_kl.c.su
48,"dynamic,bounded",PQCP_MLDSA_NATIVE_MLDSA44_X86_64_polyvecl_uniform_gamma1,/home/home/pqc/liboqs/src/sig/ml_dsa/mldsa-native_ml-dsa-44_x86_64/mldsa/src/polyvec.c,31,6,src/sig/ml_dsa/CMakeFiles/ml_dsa_44_x86_64.dir/mldsa-native_ml-dsa-44_x86_64/mldsa/src/polyvec.c.su
48,static,PQCP_MLDSA_NATIVE_MLDSA44_X86_64_polyvecl_chknorm,/home/home/pqc/liboqs/src/sig/ml_dsa/mldsa-native_ml-dsa-44_x86_64/mldsa/src/polyvec.c,213,10,src/sig/ml_dsa/CMakeFiles/ml_dsa_44_x86_64.dir/mldsa-native_ml-dsa-44_x86_64/mldsa/src/polyvec.c.su
48,static,PQCP_MLDSA_NATIVE_MLDSA44_X86_64_polyveck_chknorm,/home/home/pqc/liboqs/src/sig/ml_dsa/mldsa-native_ml-dsa-44_x86_64/mldsa/src/polyvec.c,340,10,src/sig/ml_dsa/CMakeFiles/ml_dsa_44_x86_64.dir/mldsa-native_ml-dsa-44_x86_64/mldsa/src/polyvec.c.su
48,static,PQCP_MLDSA_NATIVE_MLDSA44_X86_64_polyveck_decompose,/home/home/pqc/liboqs/src/sig/ml_dsa/mldsa-native_ml-dsa-44_x86_64/mldsa/src/polyvec.c,369,6,src/sig/ml_dsa/CMakeFiles/ml_dsa_44_x86_64.dir/mldsa-native_ml-dsa-44_x86_64/mldsa/src/polyvec.c.su
48,static,PQCP_MLDSA_NATIVE_MLDSA44_X86_64_polyveck_pack_w1,/home/home/pqc/liboqs/src/sig/ml_dsa/mldsa-native_ml-dsa-44_x86_64/mldsa/src/polyvec.c,398,6,src/sig/ml_dsa/CMakeFiles/ml_dsa_44_x86_64.dir/mldsa-native_ml-dsa-44_x86_64/mldsa/src/polyvec.c.su
48,static,PQCP_MLDSA_NATIVE_MLDSA44_X86_64_polyveck_pack_eta,/home/home/pqc/liboqs/src/sig/ml_dsa/mldsa-native_ml-dsa-44_x86_64/mldsa/src/polyvec.c,419,6,src/sig/ml_dsa/CMakeFiles/ml_dsa_44_x86_64.dir/mldsa-native_ml-dsa-44_x86_64/mldsa/src/polyvec.c.su
48,static,PQCP_MLDSA_NATIVE_MLDSA44_X86_64_polyvecl_pack_eta,/home/home/pqc/liboqs/src/sig/ml_dsa/mldsa-native_ml-dsa-44_x86_64/mldsa/src/polyvec.c,436,6,src/sig/ml_dsa/CMakeFiles/ml_dsa_44_x86_64.dir/mldsa-native_ml-dsa-44_x86_64/mldsa/src/polyvec.c.su
48,static,PQCP_MLDSA_NATIVE_MLDSA44_X86_64_polyvecl_unpack_eta,/home/home/pqc/liboqs/src/sig/ml_dsa/mldsa-native_ml-dsa-44_x86_64/mldsa/src/polyvec.c,458,6,src/sig/ml_dsa/CMakeFiles/ml_dsa_44_x86_64.dir/mldsa-native_ml-dsa-44_x86_64/mldsa/src/polyvec.c.su
48,static,PQCP_MLDSA_NATIVE_MLDSA44_X86_64_polyvecl_unpack_z,/home/home/pqc/liboqs/src/sig/ml_dsa/mldsa-native_ml-dsa-44_x86_64/mldsa/src/polyvec.c,475,6,src/sig/ml_dsa/CMakeFiles/ml_dsa_44_x86_64.dir/mldsa-native_ml-dsa-44_x86_64/mldsa/src/polyvec.c.su
48,static,PQCP_MLDSA_NATIVE_MLDSA44_X86_64_polyveck_unpack_eta,/home/home/pqc/liboqs/src/sig/ml_dsa/mldsa-native_ml-dsa-44_x86_64/mldsa/src/polyvec.c,493,6,src/sig/ml_dsa/CMakeFiles/ml_dsa_44_x86_64.dir/mldsa-native_ml-dsa-44_x86_64/mldsa/src/polyvec.c.su
48,static,mld_rej_uniform.constprop,/home/home/pqc/liboqs/src/sig/ml_dsa/mldsa-native_ml-dsa-44_x86_64/mldsa/src/poly.c,607,21,src/sig/ml_dsa/CMakeFiles/ml_dsa_44_x86_64.dir/mldsa-native_ml-dsa-44_x86_64/mldsa/src/poly.c.su
48,static,PQCP_MLDSA_NATIVE_MLDSA44_X86_64_polyt0_unpack,/home/home/pqc/liboqs/src/sig/ml_dsa/mldsa-native_ml-dsa-44_x86_64/mldsa/src/poly.c,853,6,src/sig/ml_dsa/CMakeFiles/ml_dsa_44_x86_64.dir/mldsa-native_ml-dsa-44_x86_64/mldsa/src/poly.c.su
48,static,is_ml_dsa,/home/home/pqc/liboqs/tests/vectors_sig.c,198,20,tests/CMakeFiles/vectors_sig.dir/vectors_sig.c.su
40,static,PQCP_MLDSA_NATIVE_MLDSA44_C_polyeta_pack,/home/home/pqc/liboqs/src/sig/ml_dsa/mldsa-native_ml-dsa-44_ref/mldsa/src/poly_kl.c,648,6,src/sig/ml_dsa/CMakeFiles/ml_dsa_44_ref.dir/mldsa-native_ml-dsa-44_ref/mldsa/src/poly_kl.c.su
40,static,PQCP_MLDSA_NATIVE_MLDSA44_C_polyz_pack,/home/home/pqc/liboqs/src/sig/ml_dsa/mldsa-native_ml-dsa-44_ref/mldsa/src/poly_kl.c,749,6,src/sig/ml_dsa/CMakeFiles/ml_dsa_44_ref.dir/mldsa-native_ml-dsa-44_ref/mldsa/src/poly_kl.c.su
40,static,PQCP_MLDSA_NATIVE_MLDSA44_X86_64_polyeta_pack,/home/home/pqc/liboqs/src/sig/ml_dsa/mldsa-native_ml-dsa-44_x86_64/mldsa/src/poly_kl.c,648,6,src/sig/ml_dsa/CMakeFiles/ml_dsa_44_x86_64.dir/mldsa-native_ml-dsa-44_x86_64/mldsa/src/poly_kl.c.su
40,static,PQCP_MLDSA_NATIVE_MLDSA44_X86_64_polyz_pack,/home/home/pqc/liboqs/src/sig/ml_dsa/mldsa-native_ml-dsa-44_x86_64/mldsa/src/poly_kl.c,749,6,src/sig/ml_dsa/CMakeFiles/ml_dsa_44_x86_64.dir/mldsa-native_ml-dsa-44_x86_64/mldsa/src/poly_kl.c.su
32,static,OQS_SIG_ml_dsa_44_keypair,/home/home/pqc/liboqs/src/sig/ml_dsa/sig_ml_dsa_44.c,51,20,src/sig/ml_dsa/CMakeFiles/ml_dsa_44_ref.dir/sig_ml_dsa_44.c.su
32,static,PQCP_MLDSA_NATIVE_MLDSA44_C_v17b_sign_workspace_set,/home/home/pqc/liboqs/src/sig/ml_dsa/mldsa-native_ml-dsa-44_ref/mldsa/src/sign.c,192,5,src/sig/ml_dsa/CMakeFiles/ml_dsa_44_ref.dir/mldsa-native_ml-dsa-44_ref/mldsa/src/sign.c.su
32,static,PQCP_MLDSA_NATIVE_MLDSA44_C_v23b_keygen_workspace_set,/home/home/pqc/liboqs/src/sig/ml_dsa/mldsa-native_ml-dsa-44_ref/mldsa/src/sign.c,547,5,src/sig/ml_dsa/CMakeFiles/ml_dsa_44_ref.dir/mldsa-native_ml-dsa-44_ref/mldsa/src/sign.c.su
32,static,PQCP_MLDSA_NATIVE_MLDSA44_C_v19b_attempt_workspace_set,/home/home/pqc/liboqs/src/sig/ml_dsa/mldsa-native_ml-dsa-44_ref/mldsa/src/sign.c,960,5,src/sig/ml_dsa/CMakeFiles/ml_dsa_44_ref.dir/mldsa-native_ml-dsa-44_ref/mldsa/src/sign.c.su
32,static,PQCP_MLDSA_NATIVE_MLDSA44_C_v21_sign_workspace_set,/home/home/pqc/liboqs/src/sig/ml_dsa/mldsa-native_ml-dsa-44_ref/mldsa/src/sign.c,1026,5,src/sig/ml_dsa/CMakeFiles/ml_dsa_44_ref.dir/mldsa-native_ml-dsa-44_ref/mldsa/src/sign.c.su
32,static,PQCP_MLDSA_NATIVE_MLDSA44_C_v22b_verify_workspace_set,/home/home/pqc/liboqs/src/sig/ml_dsa/mldsa-native_ml-dsa-44_ref/mldsa/src/sign.c,1083,5,src/sig/ml_dsa/CMakeFiles/ml_dsa_44_ref.dir/mldsa-native_ml-dsa-44_ref/mldsa/src/sign.c.su
32,static,PQCP_MLDSA_NATIVE_MLDSA44_C_v24_lifecycle_workspace_set,/home/home/pqc/liboqs/src/sig/ml_dsa/mldsa-native_ml-dsa-44_ref/mldsa/src/sign.c,1185,5,src/sig/ml_dsa/CMakeFiles/ml_dsa_44_ref.dir/mldsa-native_ml-dsa-44_ref/mldsa/src/sign.c.su
32,"dynamic,bounded",PQCP_MLDSA_NATIVE_MLDSA44_C_verify_extmu,/home/home/pqc/liboqs/src/sig/ml_dsa/mldsa-native_ml-dsa-44_ref/mldsa/src/sign.c,1898,5,src/sig/ml_dsa/CMakeFiles/ml_dsa_44_ref.dir/mldsa-native_ml-dsa-44_ref/mldsa/src/sign.c.su
32,static,PQCP_MLDSA_NATIVE_MLDSA44_C_polyeta_unpack,/home/home/pqc/liboqs/src/sig/ml_dsa/mldsa-native_ml-dsa-44_ref/mldsa/src/poly_kl.c,697,6,src/sig/ml_dsa/CMakeFiles/ml_dsa_44_ref.dir/mldsa-native_ml-dsa-44_ref/mldsa/src/poly_kl.c.su
32,static,PQCP_MLDSA_NATIVE_MLDSA44_C_polyvecl_ntt,/home/home/pqc/liboqs/src/sig/ml_dsa/mldsa-native_ml-dsa-44_ref/mldsa/src/polyvec.c,80,6,src/sig/ml_dsa/CMakeFiles/ml_dsa_44_ref.dir/mldsa-native_ml-dsa-44_ref/mldsa/src/polyvec.c.su
32,static,PQCP_MLDSA_NATIVE_MLDSA44_C_polyveck_caddq,/home/home/pqc/liboqs/src/sig/ml_dsa/mldsa-native_ml-dsa-44_ref/mldsa/src/polyvec.c,273,6,src/sig/ml_dsa/CMakeFiles/ml_dsa_44_ref.dir/mldsa-native_ml-dsa-44_ref/mldsa/src/polyvec.c.su
32,static,PQCP_MLDSA_NATIVE_MLDSA44_C_polyveck_ntt,/home/home/pqc/liboqs/src/sig/ml_dsa/mldsa-native_ml-dsa-44_ref/mldsa/src/polyvec.c,296,6,src/sig/ml_dsa/CMakeFiles/ml_dsa_44_ref.dir/mldsa-native_ml-dsa-44_ref/mldsa/src/polyvec.c.su
32,static,PQCP_MLDSA_NATIVE_MLDSA44_C_polyveck_invntt_tomont,/home/home/pqc/liboqs/src/sig/ml_dsa/mldsa-native_ml-dsa-44_ref/mldsa/src/polyvec.c,318,6,src/sig/ml_dsa/CMakeFiles/ml_dsa_44_ref.dir/mldsa-native_ml-dsa-44_ref/mldsa/src/polyvec.c.su
32,static,PQCP_MLDSA_NATIVE_MLDSA44_C_sig_unpack_hints,/home/home/pqc/liboqs/src/sig/ml_dsa/mldsa-native_ml-dsa-44_ref/mldsa/src/packing.c,168,5,src/sig/ml_dsa/CMakeFiles/ml_dsa_44_ref.dir/mldsa-native_ml-dsa-44_ref/mldsa/src/packing.c.su
32,static,PQCP_MLDSA_NATIVE_MLDSA44_X86_64_v17b_sign_workspace_set,/home/home/pqc/liboqs/src/sig/ml_dsa/mldsa-native_ml-dsa-44_x86_64/mldsa/src/sign.c,192,5,src/sig/ml_dsa/CMakeFiles/ml_dsa_44_x86_64.dir/mldsa-native_ml-dsa-44_x86_64/mldsa/src/sign.c.su
32,static,PQCP_MLDSA_NATIVE_MLDSA44_X86_64_v23b_keygen_workspace_set,/home/home/pqc/liboqs/src/sig/ml_dsa/mldsa-native_ml-dsa-44_x86_64/mldsa/src/sign.c,547,5,src/sig/ml_dsa/CMakeFiles/ml_dsa_44_x86_64.dir/mldsa-native_ml-dsa-44_x86_64/mldsa/src/sign.c.su
32,static,PQCP_MLDSA_NATIVE_MLDSA44_X86_64_v19b_attempt_workspace_set,/home/home/pqc/liboqs/src/sig/ml_dsa/mldsa-native_ml-dsa-44_x86_64/mldsa/src/sign.c,960,5,src/sig/ml_dsa/CMakeFiles/ml_dsa_44_x86_64.dir/mldsa-native_ml-dsa-44_x86_64/mldsa/src/sign.c.su
32,static,PQCP_MLDSA_NATIVE_MLDSA44_X86_64_v21_sign_workspace_set,/home/home/pqc/liboqs/src/sig/ml_dsa/mldsa-native_ml-dsa-44_x86_64/mldsa/src/sign.c,1026,5,src/sig/ml_dsa/CMakeFiles/ml_dsa_44_x86_64.dir/mldsa-native_ml-dsa-44_x86_64/mldsa/src/sign.c.su
32,static,PQCP_MLDSA_NATIVE_MLDSA44_X86_64_v22b_verify_workspace_set,/home/home/pqc/liboqs/src/sig/ml_dsa/mldsa-native_ml-dsa-44_x86_64/mldsa/src/sign.c,1083,5,src/sig/ml_dsa/CMakeFiles/ml_dsa_44_x86_64.dir/mldsa-native_ml-dsa-44_x86_64/mldsa/src/sign.c.su
32,static,PQCP_MLDSA_NATIVE_MLDSA44_X86_64_v24_lifecycle_workspace_set,/home/home/pqc/liboqs/src/sig/ml_dsa/mldsa-native_ml-dsa-44_x86_64/mldsa/src/sign.c,1185,5,src/sig/ml_dsa/CMakeFiles/ml_dsa_44_x86_64.dir/mldsa-native_ml-dsa-44_x86_64/mldsa/src/sign.c.su
32,"dynamic,bounded",PQCP_MLDSA_NATIVE_MLDSA44_X86_64_verify_extmu,/home/home/pqc/liboqs/src/sig/ml_dsa/mldsa-native_ml-dsa-44_x86_64/mldsa/src/sign.c,1898,5,src/sig/ml_dsa/CMakeFiles/ml_dsa_44_x86_64.dir/mldsa-native_ml-dsa-44_x86_64/mldsa/src/sign.c.su
32,static,PQCP_MLDSA_NATIVE_MLDSA44_X86_64_polyeta_unpack,/home/home/pqc/liboqs/src/sig/ml_dsa/mldsa-native_ml-dsa-44_x86_64/mldsa/src/poly_kl.c,697,6,src/sig/ml_dsa/CMakeFiles/ml_dsa_44_x86_64.dir/mldsa-native_ml-dsa-44_x86_64/mldsa/src/poly_kl.c.su
32,static,PQCP_MLDSA_NATIVE_MLDSA44_X86_64_polyvecl_ntt,/home/home/pqc/liboqs/src/sig/ml_dsa/mldsa-native_ml-dsa-44_x86_64/mldsa/src/polyvec.c,80,6,src/sig/ml_dsa/CMakeFiles/ml_dsa_44_x86_64.dir/mldsa-native_ml-dsa-44_x86_64/mldsa/src/polyvec.c.su
32,static,PQCP_MLDSA_NATIVE_MLDSA44_X86_64_polyveck_caddq,/home/home/pqc/liboqs/src/sig/ml_dsa/mldsa-native_ml-dsa-44_x86_64/mldsa/src/polyvec.c,273,6,src/sig/ml_dsa/CMakeFiles/ml_dsa_44_x86_64.dir/mldsa-native_ml-dsa-44_x86_64/mldsa/src/polyvec.c.su
32,static,PQCP_MLDSA_NATIVE_MLDSA44_X86_64_polyveck_ntt,/home/home/pqc/liboqs/src/sig/ml_dsa/mldsa-native_ml-dsa-44_x86_64/mldsa/src/polyvec.c,296,6,src/sig/ml_dsa/CMakeFiles/ml_dsa_44_x86_64.dir/mldsa-native_ml-dsa-44_x86_64/mldsa/src/polyvec.c.su
32,static,PQCP_MLDSA_NATIVE_MLDSA44_X86_64_polyveck_invntt_tomont,/home/home/pqc/liboqs/src/sig/ml_dsa/mldsa-native_ml-dsa-44_x86_64/mldsa/src/polyvec.c,318,6,src/sig/ml_dsa/CMakeFiles/ml_dsa_44_x86_64.dir/mldsa-native_ml-dsa-44_x86_64/mldsa/src/polyvec.c.su
32,static,PQCP_MLDSA_NATIVE_MLDSA44_X86_64_sig_unpack_hints,/home/home/pqc/liboqs/src/sig/ml_dsa/mldsa-native_ml-dsa-44_x86_64/mldsa/src/packing.c,168,5,src/sig/ml_dsa/CMakeFiles/ml_dsa_44_x86_64.dir/mldsa-native_ml-dsa-44_x86_64/mldsa/src/packing.c.su
32,static,PQCP_MLDSA_NATIVE_MLDSA44_X86_64_poly_chknorm,/home/home/pqc/liboqs/src/sig/ml_dsa/mldsa-native_ml-dsa-44_x86_64/mldsa/src/poly.c,969,10,src/sig/ml_dsa/CMakeFiles/ml_dsa_44_x86_64.dir/mldsa-native_ml-dsa-44_x86_64/mldsa/src/poly.c.su
32,static,MLDSA_randombytes,/home/home/pqc/liboqs/tests/vectors_sig.c,209,13,tests/CMakeFiles/vectors_sig.dir/vectors_sig.c.su
24,static,PQCP_MLDSA_NATIVE_MLDSA44_C_poly_use_hint,/home/home/pqc/liboqs/src/sig/ml_dsa/mldsa-native_ml-dsa-44_ref/mldsa/src/poly_kl.c,135,6,src/sig/ml_dsa/CMakeFiles/ml_dsa_44_ref.dir/mldsa-native_ml-dsa-44_ref/mldsa/src/poly_kl.c.su
24,static,PQCP_MLDSA_NATIVE_MLDSA44_C_polyvecl_pointwise_acc_montgomery,/home/home/pqc/liboqs/src/sig/ml_dsa/mldsa-native_ml-dsa-44_ref/mldsa/src/polyvec.c,150,6,src/sig/ml_dsa/CMakeFiles/ml_dsa_44_ref.dir/mldsa-native_ml-dsa-44_ref/mldsa/src/polyvec.c.su
24,static,PQCP_MLDSA_NATIVE_MLDSA44_X86_64_mld_rej_uniform_eta2_avx2,/home/home/pqc/liboqs/src/sig/ml_dsa/mldsa-native_ml-dsa-44_x86_64/mldsa/src/native/x86_64/src/rej_uniform_eta2_avx2.c,38,14,src/sig/ml_dsa/CMakeFiles/ml_dsa_44_x86_64.dir/mldsa-native_ml-dsa-44_x86_64/mldsa/src/native/x86_64/src/rej_uniform_eta2_avx2.c.su
16,static,OQS_SIG_ml_dsa_44_new,/home/home/pqc/liboqs/src/sig/ml_dsa/sig_ml_dsa_44.c,8,10,src/sig/ml_dsa/CMakeFiles/ml_dsa_44_ref.dir/sig_ml_dsa_44.c.su
8,static,PQCP_MLDSA_NATIVE_MLDSA44_C_v17b_sign_workspace_bytes,/home/home/pqc/liboqs/src/sig/ml_dsa/mldsa-native_ml-dsa-44_ref/mldsa/src/sign.c,188,8,src/sig/ml_dsa/CMakeFiles/ml_dsa_44_ref.dir/mldsa-native_ml-dsa-44_ref/mldsa/src/sign.c.su
8,static,PQCP_MLDSA_NATIVE_MLDSA44_C_v23b_keygen_workspace_bytes,/home/home/pqc/liboqs/src/sig/ml_dsa/mldsa-native_ml-dsa-44_ref/mldsa/src/sign.c,543,8,src/sig/ml_dsa/CMakeFiles/ml_dsa_44_ref.dir/mldsa-native_ml-dsa-44_ref/mldsa/src/sign.c.su
8,static,PQCP_MLDSA_NATIVE_MLDSA44_C_v19b_attempt_workspace_bytes,/home/home/pqc/liboqs/src/sig/ml_dsa/mldsa-native_ml-dsa-44_ref/mldsa/src/sign.c,956,8,src/sig/ml_dsa/CMakeFiles/ml_dsa_44_ref.dir/mldsa-native_ml-dsa-44_ref/mldsa/src/sign.c.su
8,static,PQCP_MLDSA_NATIVE_MLDSA44_C_v21_sign_workspace_bytes,/home/home/pqc/liboqs/src/sig/ml_dsa/mldsa-native_ml-dsa-44_ref/mldsa/src/sign.c,1018,8,src/sig/ml_dsa/CMakeFiles/ml_dsa_44_ref.dir/mldsa-native_ml-dsa-44_ref/mldsa/src/sign.c.su
8,static,PQCP_MLDSA_NATIVE_MLDSA44_C_v22b_verify_workspace_bytes,/home/home/pqc/liboqs/src/sig/ml_dsa/mldsa-native_ml-dsa-44_ref/mldsa/src/sign.c,1079,8,src/sig/ml_dsa/CMakeFiles/ml_dsa_44_ref.dir/mldsa-native_ml-dsa-44_ref/mldsa/src/sign.c.su
8,static,PQCP_MLDSA_NATIVE_MLDSA44_C_v24_lifecycle_workspace_bytes,/home/home/pqc/liboqs/src/sig/ml_dsa/mldsa-native_ml-dsa-44_ref/mldsa/src/sign.c,1164,8,src/sig/ml_dsa/CMakeFiles/ml_dsa_44_ref.dir/mldsa-native_ml-dsa-44_ref/mldsa/src/sign.c.su
8,static,mld_polyz_unpack_c,/home/home/pqc/liboqs/src/sig/ml_dsa/mldsa-native_ml-dsa-44_ref/mldsa/src/poly_kl.c,803,26,src/sig/ml_dsa/CMakeFiles/ml_dsa_44_ref.dir/mldsa-native_ml-dsa-44_ref/mldsa/src/poly_kl.c.su
8,static,mld_rej_eta_c.constprop,/home/home/pqc/liboqs/src/sig/ml_dsa/mldsa-native_ml-dsa-44_ref/mldsa/src/poly_kl.c,204,34,src/sig/ml_dsa/CMakeFiles/ml_dsa_44_ref.dir/mldsa-native_ml-dsa-44_ref/mldsa/src/poly_kl.c.su
8,static,PQCP_MLDSA_NATIVE_MLDSA44_C_poly_decompose,/home/home/pqc/liboqs/src/sig/ml_dsa/mldsa-native_ml-dsa-44_ref/mldsa/src/poly_kl.c,73,6,src/sig/ml_dsa/CMakeFiles/ml_dsa_44_ref.dir/mldsa-native_ml-dsa-44_ref/mldsa/src/poly_kl.c.su
8,static,PQCP_MLDSA_NATIVE_MLDSA44_C_polyz_unpack,/home/home/pqc/liboqs/src/sig/ml_dsa/mldsa-native_ml-dsa-44_ref/mldsa/src/poly_kl.c,871,6,src/sig/ml_dsa/CMakeFiles/ml_dsa_44_ref.dir/mldsa-native_ml-dsa-44_ref/mldsa/src/poly_kl.c.su
8,static,PQCP_MLDSA_NATIVE_MLDSA44_C_polyw1_pack,/home/home/pqc/liboqs/src/sig/ml_dsa/mldsa-native_ml-dsa-44_ref/mldsa/src/poly_kl.c,898,6,src/sig/ml_dsa/CMakeFiles/ml_dsa_44_ref.dir/mldsa-native_ml-dsa-44_ref/mldsa/src/poly_kl.c.su
8,static,PQCP_MLDSA_NATIVE_MLDSA44_C_unpack_pk_t1,/home/home/pqc/liboqs/src/sig/ml_dsa/mldsa-native_ml-dsa-44_ref/mldsa/src/packing.c,21,6,src/sig/ml_dsa/CMakeFiles/ml_dsa_44_ref.dir/mldsa-native_ml-dsa-44_ref/mldsa/src/packing.c.su
8,static,PQCP_MLDSA_NATIVE_MLDSA44_C_pack_sk_s1,/home/home/pqc/liboqs/src/sig/ml_dsa/mldsa-native_ml-dsa-44_ref/mldsa/src/packing.c,31,6,src/sig/ml_dsa/CMakeFiles/ml_dsa_44_ref.dir/mldsa-native_ml-dsa-44_ref/mldsa/src/packing.c.su
8,static,PQCP_MLDSA_NATIVE_MLDSA44_C_pack_sk_rho_key_tr_s2,/home/home/pqc/liboqs/src/sig/ml_dsa/mldsa-native_ml-dsa-44_ref/mldsa/src/packing.c,38,6,src/sig/ml_dsa/CMakeFiles/ml_dsa_44_ref.dir/mldsa-native_ml-dsa-44_ref/mldsa/src/packing.c.su
8,static,PQCP_MLDSA_NATIVE_MLDSA44_C_pack_sig_c,/home/home/pqc/liboqs/src/sig/ml_dsa/mldsa-native_ml-dsa-44_ref/mldsa/src/packing.c,87,6,src/sig/ml_dsa/CMakeFiles/ml_dsa_44_ref.dir/mldsa-native_ml-dsa-44_ref/mldsa/src/packing.c.su
8,static,PQCP_MLDSA_NATIVE_MLDSA44_C_pack_sig_h,/home/home/pqc/liboqs/src/sig/ml_dsa/mldsa-native_ml-dsa-44_ref/mldsa/src/packing.c,94,5,src/sig/ml_dsa/CMakeFiles/ml_dsa_44_ref.dir/mldsa-native_ml-dsa-44_ref/mldsa/src/packing.c.su
8,static,PQCP_MLDSA_NATIVE_MLDSA44_C_pack_sig_z,/home/home/pqc/liboqs/src/sig/ml_dsa/mldsa-native_ml-dsa-44_ref/mldsa/src/packing.c,157,6,src/sig/ml_dsa/CMakeFiles/ml_dsa_44_ref.dir/mldsa-native_ml-dsa-44_ref/mldsa/src/packing.c.su
8,static,PQCP_MLDSA_NATIVE_MLDSA44_C_polyvec_matrix_pointwise_montgomery_row_eager,/home/home/pqc/liboqs/src/sig/ml_dsa/mldsa-native_ml-dsa-44_ref/mldsa/src/polyvec_lazy.c,147,6,src/sig/ml_dsa/CMakeFiles/ml_dsa_44_ref.dir/mldsa-native_ml-dsa-44_ref/mldsa/src/polyvec_lazy.c.su
8,static,mld_rej_uniform_c.constprop,/home/home/pqc/liboqs/src/sig/ml_dsa/mldsa-native_ml-dsa-44_ref/mldsa/src/poly.c,543,34,src/sig/ml_dsa/CMakeFiles/ml_dsa_44_ref.dir/mldsa-native_ml-dsa-44_ref/mldsa/src/poly.c.su
8,static,PQCP_MLDSA_NATIVE_MLDSA44_C_poly_reduce,/home/home/pqc/liboqs/src/sig/ml_dsa/mldsa-native_ml-dsa-44_ref/mldsa/src/poly.c,34,6,src/sig/ml_dsa/CMakeFiles/ml_dsa_44_ref.dir/mldsa-native_ml-dsa-44_ref/mldsa/src/poly.c.su
8,static,PQCP_MLDSA_NATIVE_MLDSA44_C_poly_caddq,/home/home/pqc/liboqs/src/sig/ml_dsa/mldsa-native_ml-dsa-44_ref/mldsa/src/poly.c,79,6,src/sig/ml_dsa/CMakeFiles/ml_dsa_44_ref.dir/mldsa-native_ml-dsa-44_ref/mldsa/src/poly.c.su
8,static,PQCP_MLDSA_NATIVE_MLDSA44_C_poly_add,/home/home/pqc/liboqs/src/sig/ml_dsa/mldsa-native_ml-dsa-44_ref/mldsa/src/poly.c,99,6,src/sig/ml_dsa/CMakeFiles/ml_dsa_44_ref.dir/mldsa-native_ml-dsa-44_ref/mldsa/src/poly.c.su
8,static,PQCP_MLDSA_NATIVE_MLDSA44_C_poly_sub,/home/home/pqc/liboqs/src/sig/ml_dsa/mldsa-native_ml-dsa-44_ref/mldsa/src/poly.c,123,6,src/sig/ml_dsa/CMakeFiles/ml_dsa_44_ref.dir/mldsa-native_ml-dsa-44_ref/mldsa/src/poly.c.su
8,static,PQCP_MLDSA_NATIVE_MLDSA44_C_poly_shiftl,/home/home/pqc/liboqs/src/sig/ml_dsa/mldsa-native_ml-dsa-44_ref/mldsa/src/poly.c,146,6,src/sig/ml_dsa/CMakeFiles/ml_dsa_44_ref.dir/mldsa-native_ml-dsa-44_ref/mldsa/src/poly.c.su
8,static,PQCP_MLDSA_NATIVE_MLDSA44_C_poly_pointwise_montgomery,/home/home/pqc/liboqs/src/sig/ml_dsa/mldsa-native_ml-dsa-44_ref/mldsa/src/poly.c,490,6,src/sig/ml_dsa/CMakeFiles/ml_dsa_44_ref.dir/mldsa-native_ml-dsa-44_ref/mldsa/src/poly.c.su
8,static,PQCP_MLDSA_NATIVE_MLDSA44_C_poly_power2round,/home/home/pqc/liboqs/src/sig/ml_dsa/mldsa-native_ml-dsa-44_ref/mldsa/src/poly.c,510,6,src/sig/ml_dsa/CMakeFiles/ml_dsa_44_ref.dir/mldsa-native_ml-dsa-44_ref/mldsa/src/poly.c.su
8,static,PQCP_MLDSA_NATIVE_MLDSA44_C_polyt1_pack,/home/home/pqc/liboqs/src/sig/ml_dsa/mldsa-native_ml-dsa-44_ref/mldsa/src/poly.c,750,6,src/sig/ml_dsa/CMakeFiles/ml_dsa_44_ref.dir/mldsa-native_ml-dsa-44_ref/mldsa/src/poly.c.su
8,static,PQCP_MLDSA_NATIVE_MLDSA44_C_polyt1_unpack,/home/home/pqc/liboqs/src/sig/ml_dsa/mldsa-native_ml-dsa-44_ref/mldsa/src/poly.c,777,6,src/sig/ml_dsa/CMakeFiles/ml_dsa_44_ref.dir/mldsa-native_ml-dsa-44_ref/mldsa/src/poly.c.su
8,static,PQCP_MLDSA_NATIVE_MLDSA44_C_poly_chknorm,/home/home/pqc/liboqs/src/sig/ml_dsa/mldsa-native_ml-dsa-44_ref/mldsa/src/poly.c,969,10,src/sig/ml_dsa/CMakeFiles/ml_dsa_44_ref.dir/mldsa-native_ml-dsa-44_ref/mldsa/src/poly.c.su
8,static,PQCP_MLDSA_NATIVE_MLDSA44_X86_64_v17b_sign_workspace_bytes,/home/home/pqc/liboqs/src/sig/ml_dsa/mldsa-native_ml-dsa-44_x86_64/mldsa/src/sign.c,188,8,src/sig/ml_dsa/CMakeFiles/ml_dsa_44_x86_64.dir/mldsa-native_ml-dsa-44_x86_64/mldsa/src/sign.c.su
8,static,PQCP_MLDSA_NATIVE_MLDSA44_X86_64_v23b_keygen_workspace_bytes,/home/home/pqc/liboqs/src/sig/ml_dsa/mldsa-native_ml-dsa-44_x86_64/mldsa/src/sign.c,543,8,src/sig/ml_dsa/CMakeFiles/ml_dsa_44_x86_64.dir/mldsa-native_ml-dsa-44_x86_64/mldsa/src/sign.c.su
8,static,PQCP_MLDSA_NATIVE_MLDSA44_X86_64_v19b_attempt_workspace_bytes,/home/home/pqc/liboqs/src/sig/ml_dsa/mldsa-native_ml-dsa-44_x86_64/mldsa/src/sign.c,956,8,src/sig/ml_dsa/CMakeFiles/ml_dsa_44_x86_64.dir/mldsa-native_ml-dsa-44_x86_64/mldsa/src/sign.c.su
8,static,PQCP_MLDSA_NATIVE_MLDSA44_X86_64_v21_sign_workspace_bytes,/home/home/pqc/liboqs/src/sig/ml_dsa/mldsa-native_ml-dsa-44_x86_64/mldsa/src/sign.c,1018,8,src/sig/ml_dsa/CMakeFiles/ml_dsa_44_x86_64.dir/mldsa-native_ml-dsa-44_x86_64/mldsa/src/sign.c.su
8,static,PQCP_MLDSA_NATIVE_MLDSA44_X86_64_v22b_verify_workspace_bytes,/home/home/pqc/liboqs/src/sig/ml_dsa/mldsa-native_ml-dsa-44_x86_64/mldsa/src/sign.c,1079,8,src/sig/ml_dsa/CMakeFiles/ml_dsa_44_x86_64.dir/mldsa-native_ml-dsa-44_x86_64/mldsa/src/sign.c.su
8,static,PQCP_MLDSA_NATIVE_MLDSA44_X86_64_v24_lifecycle_workspace_bytes,/home/home/pqc/liboqs/src/sig/ml_dsa/mldsa-native_ml-dsa-44_x86_64/mldsa/src/sign.c,1164,8,src/sig/ml_dsa/CMakeFiles/ml_dsa_44_x86_64.dir/mldsa-native_ml-dsa-44_x86_64/mldsa/src/sign.c.su
8,static,PQCP_MLDSA_NATIVE_MLDSA44_X86_64_poly_decompose,/home/home/pqc/liboqs/src/sig/ml_dsa/mldsa-native_ml-dsa-44_x86_64/mldsa/src/poly_kl.c,73,6,src/sig/ml_dsa/CMakeFiles/ml_dsa_44_x86_64.dir/mldsa-native_ml-dsa-44_x86_64/mldsa/src/poly_kl.c.su
8,static,PQCP_MLDSA_NATIVE_MLDSA44_X86_64_poly_use_hint,/home/home/pqc/liboqs/src/sig/ml_dsa/mldsa-native_ml-dsa-44_x86_64/mldsa/src/poly_kl.c,135,6,src/sig/ml_dsa/CMakeFiles/ml_dsa_44_x86_64.dir/mldsa-native_ml-dsa-44_x86_64/mldsa/src/poly_kl.c.su
8,static,PQCP_MLDSA_NATIVE_MLDSA44_X86_64_polyz_unpack,/home/home/pqc/liboqs/src/sig/ml_dsa/mldsa-native_ml-dsa-44_x86_64/mldsa/src/poly_kl.c,871,6,src/sig/ml_dsa/CMakeFiles/ml_dsa_44_x86_64.dir/mldsa-native_ml-dsa-44_x86_64/mldsa/src/poly_kl.c.su
8,static,PQCP_MLDSA_NATIVE_MLDSA44_X86_64_polyw1_pack,/home/home/pqc/liboqs/src/sig/ml_dsa/mldsa-native_ml-dsa-44_x86_64/mldsa/src/poly_kl.c,898,6,src/sig/ml_dsa/CMakeFiles/ml_dsa_44_x86_64.dir/mldsa-native_ml-dsa-44_x86_64/mldsa/src/poly_kl.c.su
8,static,PQCP_MLDSA_NATIVE_MLDSA44_X86_64_polyvecl_pointwise_acc_montgomery,/home/home/pqc/liboqs/src/sig/ml_dsa/mldsa-native_ml-dsa-44_x86_64/mldsa/src/polyvec.c,150,6,src/sig/ml_dsa/CMakeFiles/ml_dsa_44_x86_64.dir/mldsa-native_ml-dsa-44_x86_64/mldsa/src/polyvec.c.su
8,static,PQCP_MLDSA_NATIVE_MLDSA44_X86_64_unpack_pk_t1,/home/home/pqc/liboqs/src/sig/ml_dsa/mldsa-native_ml-dsa-44_x86_64/mldsa/src/packing.c,21,6,src/sig/ml_dsa/CMakeFiles/ml_dsa_44_x86_64.dir/mldsa-native_ml-dsa-44_x86_64/mldsa/src/packing.c.su
8,static,PQCP_MLDSA_NATIVE_MLDSA44_X86_64_pack_sk_s1,/home/home/pqc/liboqs/src/sig/ml_dsa/mldsa-native_ml-dsa-44_x86_64/mldsa/src/packing.c,31,6,src/sig/ml_dsa/CMakeFiles/ml_dsa_44_x86_64.dir/mldsa-native_ml-dsa-44_x86_64/mldsa/src/packing.c.su
8,static,PQCP_MLDSA_NATIVE_MLDSA44_X86_64_pack_sk_rho_key_tr_s2,/home/home/pqc/liboqs/src/sig/ml_dsa/mldsa-native_ml-dsa-44_x86_64/mldsa/src/packing.c,38,6,src/sig/ml_dsa/CMakeFiles/ml_dsa_44_x86_64.dir/mldsa-native_ml-dsa-44_x86_64/mldsa/src/packing.c.su
8,static,PQCP_MLDSA_NATIVE_MLDSA44_X86_64_pack_sig_c,/home/home/pqc/liboqs/src/sig/ml_dsa/mldsa-native_ml-dsa-44_x86_64/mldsa/src/packing.c,87,6,src/sig/ml_dsa/CMakeFiles/ml_dsa_44_x86_64.dir/mldsa-native_ml-dsa-44_x86_64/mldsa/src/packing.c.su
8,static,PQCP_MLDSA_NATIVE_MLDSA44_X86_64_pack_sig_h,/home/home/pqc/liboqs/src/sig/ml_dsa/mldsa-native_ml-dsa-44_x86_64/mldsa/src/packing.c,94,5,src/sig/ml_dsa/CMakeFiles/ml_dsa_44_x86_64.dir/mldsa-native_ml-dsa-44_x86_64/mldsa/src/packing.c.su
8,static,PQCP_MLDSA_NATIVE_MLDSA44_X86_64_pack_sig_z,/home/home/pqc/liboqs/src/sig/ml_dsa/mldsa-native_ml-dsa-44_x86_64/mldsa/src/packing.c,157,6,src/sig/ml_dsa/CMakeFiles/ml_dsa_44_x86_64.dir/mldsa-native_ml-dsa-44_x86_64/mldsa/src/packing.c.su
8,static,PQCP_MLDSA_NATIVE_MLDSA44_X86_64_polyvec_matrix_pointwise_montgomery_row_eager,/home/home/pqc/liboqs/src/sig/ml_dsa/mldsa-native_ml-dsa-44_x86_64/mldsa/src/polyvec_lazy.c,147,6,src/sig/ml_dsa/CMakeFiles/ml_dsa_44_x86_64.dir/mldsa-native_ml-dsa-44_x86_64/mldsa/src/polyvec_lazy.c.su
8,static,PQCP_MLDSA_NATIVE_MLDSA44_X86_64_poly_reduce,/home/home/pqc/liboqs/src/sig/ml_dsa/mldsa-native_ml-dsa-44_x86_64/mldsa/src/poly.c,34,6,src/sig/ml_dsa/CMakeFiles/ml_dsa_44_x86_64.dir/mldsa-native_ml-dsa-44_x86_64/mldsa/src/poly.c.su
8,static,PQCP_MLDSA_NATIVE_MLDSA44_X86_64_poly_caddq,/home/home/pqc/liboqs/src/sig/ml_dsa/mldsa-native_ml-dsa-44_x86_64/mldsa/src/poly.c,79,6,src/sig/ml_dsa/CMakeFiles/ml_dsa_44_x86_64.dir/mldsa-native_ml-dsa-44_x86_64/mldsa/src/poly.c.su
8,static,PQCP_MLDSA_NATIVE_MLDSA44_X86_64_poly_add,/home/home/pqc/liboqs/src/sig/ml_dsa/mldsa-native_ml-dsa-44_x86_64/mldsa/src/poly.c,99,6,src/sig/ml_dsa/CMakeFiles/ml_dsa_44_x86_64.dir/mldsa-native_ml-dsa-44_x86_64/mldsa/src/poly.c.su
8,static,PQCP_MLDSA_NATIVE_MLDSA44_X86_64_poly_sub,/home/home/pqc/liboqs/src/sig/ml_dsa/mldsa-native_ml-dsa-44_x86_64/mldsa/src/poly.c,123,6,src/sig/ml_dsa/CMakeFiles/ml_dsa_44_x86_64.dir/mldsa-native_ml-dsa-44_x86_64/mldsa/src/poly.c.su
8,static,PQCP_MLDSA_NATIVE_MLDSA44_X86_64_poly_shiftl,/home/home/pqc/liboqs/src/sig/ml_dsa/mldsa-native_ml-dsa-44_x86_64/mldsa/src/poly.c,146,6,src/sig/ml_dsa/CMakeFiles/ml_dsa_44_x86_64.dir/mldsa-native_ml-dsa-44_x86_64/mldsa/src/poly.c.su
8,static,PQCP_MLDSA_NATIVE_MLDSA44_X86_64_poly_ntt,/home/home/pqc/liboqs/src/sig/ml_dsa/mldsa-native_ml-dsa-44_x86_64/mldsa/src/poly.c,319,6,src/sig/ml_dsa/CMakeFiles/ml_dsa_44_x86_64.dir/mldsa-native_ml-dsa-44_x86_64/mldsa/src/poly.c.su
8,static,PQCP_MLDSA_NATIVE_MLDSA44_X86_64_poly_invntt_tomont,/home/home/pqc/liboqs/src/sig/ml_dsa/mldsa-native_ml-dsa-44_x86_64/mldsa/src/poly.c,444,6,src/sig/ml_dsa/CMakeFiles/ml_dsa_44_x86_64.dir/mldsa-native_ml-dsa-44_x86_64/mldsa/src/poly.c.su
8,static,PQCP_MLDSA_NATIVE_MLDSA44_X86_64_poly_pointwise_montgomery,/home/home/pqc/liboqs/src/sig/ml_dsa/mldsa-native_ml-dsa-44_x86_64/mldsa/src/poly.c,490,6,src/sig/ml_dsa/CMakeFiles/ml_dsa_44_x86_64.dir/mldsa-native_ml-dsa-44_x86_64/mldsa/src/poly.c.su
8,static,PQCP_MLDSA_NATIVE_MLDSA44_X86_64_poly_power2round,/home/home/pqc/liboqs/src/sig/ml_dsa/mldsa-native_ml-dsa-44_x86_64/mldsa/src/poly.c,510,6,src/sig/ml_dsa/CMakeFiles/ml_dsa_44_x86_64.dir/mldsa-native_ml-dsa-44_x86_64/mldsa/src/poly.c.su
8,static,PQCP_MLDSA_NATIVE_MLDSA44_X86_64_polyt1_pack,/home/home/pqc/liboqs/src/sig/ml_dsa/mldsa-native_ml-dsa-44_x86_64/mldsa/src/poly.c,750,6,src/sig/ml_dsa/CMakeFiles/ml_dsa_44_x86_64.dir/mldsa-native_ml-dsa-44_x86_64/mldsa/src/poly.c.su
8,static,PQCP_MLDSA_NATIVE_MLDSA44_X86_64_polyt1_unpack,/home/home/pqc/liboqs/src/sig/ml_dsa/mldsa-native_ml-dsa-44_x86_64/mldsa/src/poly.c,777,6,src/sig/ml_dsa/CMakeFiles/ml_dsa_44_x86_64.dir/mldsa-native_ml-dsa-44_x86_64/mldsa/src/poly.c.su
8,static,PQCP_MLDSA_NATIVE_MLDSA44_X86_64_mld_poly_use_hint_88_avx2,/home/home/pqc/liboqs/src/sig/ml_dsa/mldsa-native_ml-dsa-44_x86_64/mldsa/src/native/x86_64/src/poly_use_hint_88_avx2.c,37,6,src/sig/ml_dsa/CMakeFiles/ml_dsa_44_x86_64.dir/mldsa-native_ml-dsa-44_x86_64/mldsa/src/native/x86_64/src/poly_use_hint_88_avx2.c.su
8,static,PQCP_MLDSA_NATIVE_MLDSA44_X86_64_mld_polyz_unpack_17_avx2,/home/home/pqc/liboqs/src/sig/ml_dsa/mldsa-native_ml-dsa-44_x86_64/mldsa/src/native/x86_64/src/polyz_unpack_17_avx2.c,32,6,src/sig/ml_dsa/CMakeFiles/ml_dsa_44_x86_64.dir/mldsa-native_ml-dsa-44_x86_64/mldsa/src/native/x86_64/src/polyz_unpack_17_avx2.c.su
8,static,PQCP_MLDSA_NATIVE_MLDSA44_X86_64_mld_poly_decompose_88_avx2,/home/home/pqc/liboqs/src/sig/ml_dsa/mldsa-native_ml-dsa-44_x86_64/mldsa/src/native/x86_64/src/poly_decompose_88_avx2.c,42,6,src/sig/ml_dsa/CMakeFiles/ml_dsa_44_x86_64.dir/mldsa-native_ml-dsa-44_x86_64/mldsa/src/native/x86_64/src/poly_decompose_88_avx2.c.su
8,static,PQCP_MLDSA_NATIVE_MLDSA44_X86_64_mld_poly_chknorm_avx2,/home/home/pqc/liboqs/src/sig/ml_dsa/mldsa-native_ml-dsa-44_x86_64/mldsa/src/native/x86_64/src/poly_chknorm_avx2.c,28,5,src/sig/ml_dsa/CMakeFiles/ml_dsa_44_x86_64.dir/mldsa-native_ml-dsa-44_x86_64/mldsa/src/native/x86_64/src/poly_chknorm_avx2.c.su
8,static,PQCP_MLDSA_NATIVE_MLDSA44_X86_64_mld_rej_uniform_avx2,/home/home/pqc/liboqs/src/sig/ml_dsa/mldsa-native_ml-dsa-44_x86_64/mldsa/src/native/x86_64/src/rej_uniform_avx2.c,37,14,src/sig/ml_dsa/CMakeFiles/ml_dsa_44_x86_64.dir/mldsa-native_ml-dsa-44_x86_64/mldsa/src/native/x86_64/src/rej_uniform_avx2.c.su
8,static,MLDSA_randombytes_init,/home/home/pqc/liboqs/tests/vectors_sig.c,204,13,tests/CMakeFiles/vectors_sig.dir/vectors_sig.c.su
8,static,MLDSA_randombytes_free,/home/home/pqc/liboqs/tests/vectors_sig.c,214,13,tests/CMakeFiles/vectors_sig.dir/vectors_sig.c.su
