iteration,message_bytes,elapsed_ns,status
0,64,27267,0
1,64,27205,0
2,64,27242,0
3,64,27186,0
4,64,27207,0
5,64,27212,0
6,64,27245,0
7,64,27202,0
8,64,27208,0
9,64,27174,0
10,64,27231,0
11,64,27260,0
12,64,27239,0
13,64,27175,0
14,64,27168,0
15,64,27207,0
16,64,27257,0
17,64,27247,0
18,64,27250,0
19,64,27184,0
20,64,27214,0
21,64,27258,0
22,64,27201,0
23,64,27217,0
24,64,27231,0
25,64,27233,0
26,64,27277,0
27,64,27182,0
28,64,29941,0
29,64,27214,0
30,64,27218,0
31,64,27214,0
32,64,27250,0
33,64,27255,0
34,64,27234,0
35,64,27237,0
36,64,27205,0
37,64,27224,0
38,64,27227,0
39,64,27217,0
40,64,27212,0
41,64,27198,0
42,64,27184,0
43,64,27201,0
44,64,27176,0
45,64,27230,0
46,64,27242,0
47,64,27229,0
48,64,27199,0
49,64,27183,0
50,64,27198,0
51,64,27259,0
52,64,27259,0
53,64,27233,0
54,64,27219,0
55,64,27241,0
56,64,27238,0
57,64,27219,0
58,64,27259,0
59,64,27210,0
60,64,27248,0
61,64,27247,0
62,64,27216,0
63,64,27204,0
64,64,30905,0
65,64,27444,0
66,64,27269,0
67,64,27226,0
68,64,27218,0
69,64,27196,0
70,64,27274,0
71,64,27249,0
72,64,27207,0
73,64,27222,0
74,64,27215,0
75,64,27253,0
76,64,27242,0
77,64,27288,0
78,64,27191,0
79,64,27218,0
80,64,27243,0
81,64,27262,0
82,64,27251,0
83,64,27196,0
84,64,27208,0
85,64,27227,0
86,64,27202,0
87,64,27251,0
88,64,27194,0
89,64,27193,0
90,64,27210,0
91,64,27200,0
92,64,27201,0
93,64,27195,0
94,64,27194,0
95,64,27217,0
96,64,27225,0
97,64,27231,0
98,64,27273,0
99,64,27238,0
100,64,27249,0
101,64,30337,0
102,64,27246,0
103,64,27221,0
104,64,27227,0
105,64,27212,0
106,64,27266,0
107,64,27191,0
108,64,27223,0
109,64,27384,0
110,64,27245,0
111,64,27260,0
112,64,36437,0
113,64,33754,0
114,64,29534,0
115,64,45502,0
116,64,27607,0
117,64,27209,0
118,64,27209,0
119,64,27259,0
120,64,27202,0
121,64,27197,0
122,64,27259,0
123,64,27243,0
124,64,27207,0
125,64,27210,0
126,64,27229,0
127,64,27262,0
128,64,27234,0
129,64,27177,0
130,64,27190,0
131,64,27174,0
132,64,27267,0
133,64,27239,0
134,64,27215,0
135,64,27195,0
136,64,27542,0
137,64,27219,0
138,64,27190,0
139,64,27202,0
140,64,27254,0
141,64,27271,0
142,64,27234,0
143,64,27212,0
144,64,27196,0
145,64,27208,0
146,64,27212,0
147,64,27210,0
148,64,27232,0
149,64,27186,0
150,64,27212,0
151,64,27226,0
152,64,27211,0
153,64,27231,0
154,64,27222,0
155,64,27235,0
156,64,27211,0
157,64,27213,0
158,64,27190,0
159,64,27207,0
160,64,27197,0
161,64,27222,0
162,64,27205,0
163,64,27233,0
164,64,27277,0
165,64,27208,0
166,64,27171,0
167,64,27191,0
168,64,27206,0
169,64,27230,0
170,64,27225,0
171,64,27193,0
172,64,30253,0
173,64,27212,0
174,64,27227,0
175,64,27187,0
176,64,27197,0
177,64,27206,0
178,64,27242,0
179,64,27221,0
180,64,27230,0
181,64,27218,0
182,64,27205,0
183,64,27213,0
184,64,27225,0
185,64,27217,0
186,64,27206,0
187,64,27174,0
188,64,27203,0
189,64,27189,0
190,64,27214,0
191,64,27210,0
192,64,27198,0
193,64,27228,0
194,64,27238,0
195,64,27200,0
196,64,27193,0
197,64,27219,0
198,64,27189,0
199,64,27250,0
200,64,27237,0
201,64,27183,0
202,64,27202,0
203,64,27166,0
204,64,27217,0
205,64,27263,0
206,64,27193,0
207,64,27229,0
208,64,29978,0
209,64,27225,0
210,64,27227,0
211,64,27191,0
212,64,27235,0
213,64,27197,0
214,64,27221,0
215,64,27181,0
216,64,27222,0
217,64,36348,0
218,64,34454,0
219,64,27317,0
220,64,27253,0
221,64,27201,0
222,64,27250,0
223,64,27219,0
224,64,27284,0
225,64,27220,0
226,64,27228,0
227,64,27190,0
228,64,27234,0
229,64,27215,0
230,64,27261,0
231,64,27204,0
232,64,27195,0
233,64,27332,0
234,64,27248,0
235,64,27243,0
236,64,27192,0
237,64,27199,0
238,64,27176,0
239,64,27253,0
240,64,27246,0
241,64,27232,0
242,64,27199,0
243,64,27180,0
244,64,31970,0
245,64,27276,0
246,64,27292,0
247,64,27291,0
248,64,27252,0
249,64,27191,0
250,64,27340,0
251,64,27206,0
252,64,27236,0
253,64,41691,0
254,64,27796,0
255,64,34424,0
256,64,40352,0
257,64,27375,0
258,64,27266,0
259,64,27206,0
260,64,27210,0
261,64,27202,0
262,64,27261,0
263,64,27256,0
264,64,27254,0
265,64,27201,0
266,64,27190,0
267,64,27232,0
268,64,27242,0
269,64,27212,0
270,64,27175,0
271,64,27195,0
272,64,27217,0
273,64,27228,0
274,64,27216,0
275,64,27196,0
276,64,27169,0
277,64,27233,0
278,64,32510,0
279,64,27448,0
280,64,27243,0
281,64,27250,0
282,64,27223,0
283,64,27242,0
284,64,27216,0
285,64,27244,0
286,64,27229,0
287,64,27248,0
288,64,27258,0
289,64,27224,0
290,64,27242,0
291,64,27206,0
292,64,27232,0
293,64,27272,0
294,64,27205,0
295,64,27230,0
296,64,27211,0
297,64,27210,0
298,64,27229,0
299,64,27258,0
300,64,27239,0
301,64,27194,0
302,64,27230,0
303,64,27207,0
304,64,27242,0
305,64,27208,0
306,64,27234,0
307,64,27259,0
308,64,27200,0
309,64,27254,0
310,64,27208,0
311,64,27206,0
312,64,27254,0
313,64,27227,0
314,64,27291,0
315,64,46977,0
316,64,27444,0
317,64,27248,0
318,64,27243,0
319,64,27286,0
320,64,27220,0
321,64,27208,0
322,64,27226,0
323,64,27231,0
324,64,27207,0
325,64,27214,0
326,64,27250,0
327,64,27240,0
328,64,27237,0
329,64,27207,0
330,64,27238,0
331,64,27229,0
332,64,27235,0
333,64,27262,0
334,64,27252,0
335,64,27199,0
336,64,27222,0
337,64,27247,0
338,64,27289,0
339,64,27211,0
340,64,27198,0
341,64,27234,0
342,64,27197,0
343,64,27237,0
344,64,27195,0
345,64,27226,0
346,64,27231,0
347,64,27242,0
348,64,27275,0
349,64,27225,0
350,64,32120,0
351,64,27377,0
352,64,27256,0
353,64,27323,0
354,64,27274,0
355,64,27238,0
356,64,27225,0
357,64,27199,0
358,64,27275,0
359,64,27276,0
360,64,27234,0
361,64,27240,0
362,64,27265,0
363,64,27255,0
364,64,27214,0
365,64,27223,0
366,64,27230,0
367,64,27224,0
368,64,27251,0
369,64,27260,0
370,64,27251,0
371,64,27218,0
372,64,27205,0
373,64,27276,0
374,64,27224,0
375,64,27195,0
376,64,27243,0
377,64,27230,0
378,64,27257,0
379,64,27216,0
380,64,27239,0
381,64,27234,0
382,64,27241,0
383,64,27283,0
384,64,27275,0
385,64,27212,0
386,64,30860,0
387,64,27416,0
388,64,27261,0
389,64,27250,0
390,64,27227,0
391,64,27421,0
392,64,27247,0
393,64,27221,0
394,64,27220,0
395,64,27357,0
396,64,27296,0
397,64,27238,0
398,64,27241,0
399,64,27225,0
400,64,27215,0
401,64,27286,0
402,64,27291,0
403,64,27187,0
404,64,27221,0
405,64,27214,0
406,64,27261,0
407,64,27222,0
408,64,27220,0
409,64,27198,0
410,64,27171,0
411,64,27198,0
412,64,27226,0
413,64,27172,0
414,64,27185,0
415,64,27206,0
416,64,27251,0
417,64,27272,0
418,64,27182,0
419,64,27186,0
420,64,27214,0
421,64,27254,0
422,64,27222,0
423,64,31059,0
424,64,27258,0
425,64,27165,0
426,64,27195,0
427,64,27204,0
428,64,27287,0
429,64,27226,0
430,64,27213,0
431,64,27190,0
432,64,27144,0
433,64,27184,0
434,64,27247,0
435,64,27226,0
436,64,27171,0
437,64,27216,0
438,64,27195,0
439,64,27243,0
440,64,27238,0
441,64,27220,0
442,64,27224,0
443,64,27212,0
444,64,27211,0
445,64,27200,0
446,64,27180,0
447,64,27170,0
448,64,27216,0
449,64,27191,0
450,64,27205,0
451,64,27203,0
452,64,27224,0
453,64,27215,0
454,64,27176,0
455,64,27190,0
456,64,27186,0
457,64,27243,0
458,64,27213,0
459,64,29842,0
460,64,27251,0
461,64,27216,0
462,64,27248,0
463,64,27226,0
464,64,27223,0
465,64,27219,0
466,64,27201,0
467,64,27201,0
468,64,27212,0
469,64,27208,0
470,64,27215,0
471,64,27173,0
472,64,27215,0
473,64,27244,0
474,64,27191,0
475,64,27176,0
476,64,27192,0
477,64,27189,0
478,64,27275,0
479,64,27211,0
480,64,27216,0
481,64,27175,0
482,64,27196,0
483,64,27221,0
484,64,27201,0
485,64,27207,0
486,64,27203,0
487,64,27212,0
488,64,27255,0
489,64,27268,0
490,64,27251,0
491,64,27219,0
492,64,27226,0
493,64,27279,0
494,64,27311,0
495,64,29743,0
496,64,27266,0
497,64,27206,0
498,64,27167,0
499,64,27233,0
500,64,27240,0
501,64,27237,0
502,64,27230,0
503,64,27202,0
504,64,27272,0
505,64,27270,0
506,64,27183,0
507,64,27270,0
508,64,27244,0
509,64,27247,0
510,64,27248,0
511,64,27234,0
512,64,27212,0
513,64,27288,0
514,64,27238,0
515,64,27263,0
516,64,27235,0
517,64,27205,0
518,64,27232,0
519,64,27275,0
520,64,27271,0
521,64,27251,0
522,64,27229,0
523,64,27201,0
524,64,27260,0
525,64,27238,0
526,64,27225,0
527,64,27254,0
528,64,27223,0
529,64,27271,0
530,64,27246,0
531,64,29638,0
532,64,27535,0
533,64,27235,0
534,64,27202,0
535,64,27214,0
536,64,27275,0
537,64,27303,0
538,64,27335,0
539,64,27370,0
540,64,27217,0
541,64,27323,0
542,64,27262,0
543,64,27281,0
544,64,27220,0
545,64,27193,0
546,64,27239,0
547,64,27272,0
548,64,27259,0
549,64,27205,0
550,64,27224,0
551,64,27244,0
552,64,27254,0
553,64,27207,0
554,64,27230,0
555,64,27215,0
556,64,27254,0
557,64,27255,0
558,64,27246,0
559,64,27252,0
560,64,27248,0
561,64,27232,0
562,64,27247,0
563,64,27210,0
564,64,27222,0
565,64,27265,0
566,64,27254,0
567,64,27230,0
568,64,30817,0
569,64,27253,0
570,64,27241,0
571,64,27212,0
572,64,27284,0
573,64,27214,0
574,64,27174,0
575,64,27214,0
576,64,27182,0
577,64,27249,0
578,64,27236,0
579,64,27240,0
580,64,27220,0
581,64,27243,0
582,64,27253,0
583,64,27264,0
584,64,27213,0
585,64,27218,0
586,64,27217,0
587,64,27264,0
588,64,27259,0
589,64,27241,0
590,64,27225,0
591,64,27185,0
592,64,27274,0
593,64,27266,0
594,64,27221,0
595,64,27230,0
596,64,27242,0
597,64,27274,0
598,64,27274,0
599,64,27268,0
600,64,27218,0
601,64,27227,0
602,64,27244,0
603,64,27221,0
604,64,29901,0
605,64,27260,0
606,64,27194,0
607,64,27196,0
608,64,27248,0
609,64,27206,0
610,64,27223,0
611,64,27182,0
612,64,27220,0
613,64,27239,0
614,64,27219,0
615,64,27194,0
616,64,27197,0
617,64,27242,0
618,64,27250,0
619,64,27231,0
620,64,27188,0
621,64,27201,0
622,64,27249,0
623,64,27270,0
624,64,27260,0
625,64,27197,0
626,64,27198,0
627,64,27227,0
628,64,27255,0
629,64,27254,0
630,64,27203,0
631,64,27208,0
632,64,27205,0
633,64,27295,0
634,64,27239,0
635,64,27216,0
636,64,27220,0
637,64,27233,0
638,64,27262,0
639,64,27203,0
640,64,30375,0
641,64,27317,0
642,64,27250,0
643,64,27222,0
644,64,27153,0
645,64,27340,0
646,64,27278,0
647,64,27202,0
648,64,27178,0
649,64,27191,0
650,64,27231,0
651,64,27237,0
652,64,27197,0
653,64,27164,0
654,64,27215,0
655,64,27212,0
656,64,27230,0
657,64,27215,0
658,64,27184,0
659,64,27193,0
660,64,27259,0
661,64,27296,0
662,64,27200,0
663,64,27226,0
664,64,27212,0
665,64,27251,0
666,64,27262,0
667,64,27201,0
668,64,27219,0
669,64,27213,0
670,64,27230,0
671,64,27280,0
672,64,27199,0
673,64,27213,0
674,64,27273,0
675,64,27166,0
676,64,29972,0
677,64,27344,0
678,64,27855,0
679,64,27562,0
680,64,27183,0
681,64,27291,0
682,64,27295,0
683,64,27333,0
684,64,27213,0
685,64,27225,0
686,64,27268,0
687,64,27266,0
688,64,27300,0
689,64,27214,0
690,64,27230,0
691,64,27210,0
692,64,27295,0
693,64,27269,0
694,64,27242,0
695,64,27219,0
696,64,27225,0
697,64,27235,0
698,64,27197,0
699,64,27184,0
700,64,27158,0
701,64,27189,0
702,64,27260,0
703,64,27240,0
704,64,27222,0
705,64,27204,0
706,64,27490,0
707,64,27258,0
708,64,27250,0
709,64,27148,0
710,64,27179,0
711,64,27203,0
712,64,27256,0
713,64,30193,0
714,64,27282,0
715,64,27303,0
716,64,27224,0
717,64,27219,0
718,64,27230,0
719,64,27205,0
720,64,27167,0
721,64,27162,0
722,64,27213,0
723,64,27212,0
724,64,27227,0
725,64,27215,0
726,64,27240,0
727,64,27177,0
728,64,27189,0
729,64,27226,0
730,64,27172,0
731,64,27249,0
732,64,27197,0
733,64,27225,0
734,64,27203,0
735,64,27178,0
736,64,27245,0
737,64,27191,0
738,64,27244,0
739,64,27199,0
740,64,27203,0
741,64,27201,0
742,64,27201,0
743,64,27238,0
744,64,27241,0
745,64,27178,0
746,64,27178,0
747,64,27163,0
748,64,27217,0
749,64,30308,0
750,64,27276,0
751,64,27234,0
752,64,27189,0
753,64,27210,0
754,64,27192,0
755,64,27201,0
756,64,27230,0
757,64,27183,0
758,64,27183,0
759,64,27212,0
760,64,27230,0
761,64,27222,0
762,64,27216,0
763,64,27240,0
764,64,27166,0
765,64,27199,0
766,64,27180,0
767,64,27217,0
768,64,27229,0
769,64,27194,0
770,64,27203,0
771,64,27199,0
772,64,27201,0
773,64,27244,0
774,64,27251,0
775,64,27246,0
776,64,27199,0
777,64,27218,0
778,64,27180,0
779,64,27251,0
780,64,27197,0
781,64,27235,0
782,64,27177,0
783,64,27255,0
784,64,27241,0
785,64,30115,0
786,64,27274,0
787,64,27216,0
788,64,27234,0
789,64,27219,0
790,64,27211,0
791,64,27169,0
792,64,27204,0
793,64,27197,0
794,64,27236,0
795,64,27196,0
796,64,27215,0
797,64,27237,0
798,64,27218,0
799,64,27216,0
800,64,27237,0
801,64,27219,0
802,64,27205,0
803,64,27222,0
804,64,27184,0
805,64,27316,0
806,64,27211,0
807,64,27159,0
808,64,27291,0
809,64,27401,0
810,64,27244,0
811,64,27270,0
812,64,27185,0
813,64,27193,0
814,64,27174,0
815,64,27288,0
816,64,27206,0
817,64,27175,0
818,64,27245,0
819,64,27218,0
820,64,27390,0
821,64,27230,0
822,64,30703,0
823,64,27229,0
824,64,27231,0
825,64,27171,0
826,64,27207,0
827,64,27282,0
828,64,27506,0
829,64,27173,0
830,64,27308,0
831,64,27343,0
832,64,27253,0
833,64,27274,0
834,64,27189,0
835,64,27197,0
836,64,27187,0
837,64,27209,0
838,64,27249,0
839,64,27210,0
840,64,27209,0
841,64,27194,0
842,64,27226,0
843,64,27247,0
844,64,27167,0
845,64,27184,0
846,64,27215,0
847,64,27222,0
848,64,27237,0
849,64,27263,0
850,64,27201,0
851,64,27204,0
852,64,27223,0
853,64,27217,0
854,64,27229,0
855,64,27230,0
856,64,27193,0
857,64,27174,0
858,64,30156,0
859,64,27348,0
860,64,27227,0
861,64,27331,0
862,64,27230,0
863,64,27236,0
864,64,27235,0
865,64,27167,0
866,64,27177,0
867,64,27205,0
868,64,27242,0
869,64,27259,0
870,64,27212,0
871,64,27201,0
872,64,27188,0
873,64,27203,0
874,64,27241,0
875,64,27201,0
876,64,27195,0
877,64,27202,0
878,64,27258,0
879,64,27234,0
880,64,27217,0
881,64,27211,0
882,64,27203,0
883,64,27217,0
884,64,27236,0
885,64,27248,0
886,64,27196,0
887,64,27186,0
888,64,27250,0
889,64,27202,0
890,64,27241,0
891,64,27227,0
892,64,27213,0
893,64,27232,0
894,64,29976,0
895,64,27312,0
896,64,27220,0
897,64,27211,0
898,64,27247,0
899,64,27270,0
900,64,27221,0
901,64,27198,0
902,64,27196,0
903,64,27228,0
904,64,27265,0
905,64,27263,0
906,64,27237,0
907,64,27204,0
908,64,27253,0
909,64,27261,0
910,64,27283,0
911,64,27222,0
912,64,27232,0
913,64,27211,0
914,64,27278,0
915,64,27229,0
916,64,27205,0
917,64,27192,0
918,64,27223,0
919,64,27285,0
920,64,27234,0
921,64,27207,0
922,64,27215,0
923,64,27214,0
924,64,27233,0
925,64,27243,0
926,64,27242,0
927,64,27176,0
928,64,27211,0
929,64,27226,0
930,64,30033,0
931,64,27325,0
932,64,27243,0
933,64,27217,0
934,64,27220,0
935,64,27240,0
936,64,27196,0
937,64,27222,0
938,64,27236,0
939,64,27212,0
940,64,27234,0
941,64,27233,0
942,64,27231,0
943,64,27212,0
944,64,27182,0
945,64,27214,0
946,64,27236,0
947,64,27208,0
948,64,27244,0
949,64,27221,0
950,64,27169,0
951,64,27190,0
952,64,27221,0
953,64,27196,0
954,64,27241,0
955,64,27238,0
956,64,27303,0
957,64,27272,0
958,64,27209,0
959,64,27202,0
960,64,27237,0
961,64,27311,0
962,64,27273,0
963,64,27199,0
964,64,27226,0
965,64,27229,0
966,64,27518,0
967,64,31471,0
968,64,27282,0
969,64,27318,0
970,64,27236,0
971,64,27235,0
972,64,27250,0
973,64,27293,0
974,64,27242,0
975,64,27223,0
976,64,27228,0
977,64,27241,0
978,64,27257,0
979,64,27236,0
980,64,27222,0
981,64,27221,0
982,64,27235,0
983,64,27278,0
984,64,27304,0
985,64,27225,0
986,64,27190,0
987,64,27225,0
988,64,27261,0
989,64,27254,0
990,64,27188,0
991,64,27187,0
992,64,27206,0
993,64,27261,0
994,64,27272,0
995,64,27224,0
996,64,27209,0
997,64,27221,0
998,64,27278,0
999,64,27281,0
1000,64,27246,0
1001,64,27222,0
1002,64,27142,0
1003,64,30260,0
1004,64,27282,0
1005,64,27239,0
1006,64,27238,0
1007,64,27241,0
1008,64,27232,0
1009,64,27417,0
1010,64,27203,0
1011,64,27187,0
1012,64,27222,0
1013,64,27237,0
1014,64,27267,0
1015,64,27247,0
1016,64,27209,0
1017,64,27224,0
1018,64,27230,0
1019,64,27276,0
1020,64,27252,0
1021,64,27216,0
1022,64,27186,0
1023,64,27180,0
1024,64,27251,0
1025,64,27245,0
1026,64,27228,0
1027,64,27247,0
1028,64,27221,0
1029,64,27247,0
1030,64,27204,0
1031,64,27204,0
1032,64,27177,0
1033,64,27195,0
1034,64,27257,0
1035,64,27284,0
1036,64,27276,0
1037,64,27376,0
1038,64,27188,0
1039,64,30180,0
1040,64,27265,0
1041,64,27252,0
1042,64,27258,0
1043,64,27269,0
1044,64,27255,0
1045,64,27179,0
1046,64,27190,0
1047,64,27205,0
1048,64,27232,0
1049,64,27612,0
1050,64,27168,0
1051,64,27270,0
1052,64,27235,0
1053,64,27295,0
1054,64,27294,0
1055,64,27581,0
1056,64,27301,0
1057,64,27665,0
1058,64,27236,0
1059,64,27217,0
1060,64,27252,0
1061,64,27225,0
1062,64,27186,0
1063,64,27194,0
1064,64,27268,0
1065,64,27223,0
1066,64,27207,0
1067,64,27188,0
1068,64,27199,0
1069,64,27228,0
1070,64,27244,0
1071,64,27273,0
1072,64,27216,0
1073,64,27207,0
1074,64,27193,0
1075,64,30003,0
1076,64,27290,0
1077,64,27294,0
1078,64,27273,0
1079,64,27237,0
1080,64,27191,0
1081,64,27192,0
1082,64,27250,0
1083,64,27197,0
1084,64,27224,0
1085,64,27236,0
1086,64,27225,0
1087,64,27217,0
1088,64,27244,0
1089,64,27247,0
1090,64,27222,0
1091,64,27185,0
1092,64,27220,0
1093,64,27331,0
1094,64,27235,0
1095,64,27188,0
1096,64,27180,0
1097,64,27235,0
1098,64,27226,0
1099,64,27267,0
1100,64,27643,0
1101,64,27225,0
1102,64,27259,0
1103,64,27709,0
1104,64,27239,0
1105,64,28585,0
1106,64,27305,0
1107,64,27380,0
1108,64,27256,0
1109,64,27220,0
1110,64,27197,0
1111,64,30571,0
1112,64,27672,0
1113,64,27190,0
1114,64,27218,0
1115,64,27191,0
1116,64,27184,0
1117,64,27255,0
1118,64,27204,0
1119,64,27189,0
1120,64,27190,0
1121,64,27241,0
1122,64,27204,0
1123,64,27255,0
1124,64,27203,0
1125,64,27151,0
1126,64,27193,0
1127,64,27195,0
1128,64,27244,0
1129,64,27230,0
1130,64,27203,0
1131,64,27226,0
1132,64,27216,0
1133,64,27250,0
1134,64,27213,0
1135,64,27237,0
1136,64,27229,0
1137,64,27217,0
1138,64,27243,0
1139,64,27236,0
1140,64,27202,0
1141,64,27212,0
1142,64,27233,0
1143,64,27241,0
1144,64,27204,0
1145,64,27210,0
1146,64,27158,0
1147,64,27191,0
1148,64,30153,0
1149,64,27247,0
1150,64,27276,0
1151,64,27229,0
1152,64,27242,0
1153,64,27230,0
1154,64,27157,0
1155,64,27223,0
1156,64,27247,0
1157,64,27249,0
1158,64,27197,0
1159,64,27204,0
1160,64,27214,0
1161,64,27205,0
1162,64,27184,0
1163,64,27204,0
1164,64,27200,0
1165,64,27212,0
1166,64,27235,0
1167,64,27248,0
1168,64,27225,0
1169,64,27210,0
1170,64,27244,0
1171,64,27226,0
1172,64,27247,0
1173,64,27278,0
1174,64,27212,0
1175,64,27223,0
1176,64,27192,0
1177,64,27213,0
1178,64,27248,0
1179,64,27253,0
1180,64,27191,0
1181,64,27201,0
1182,64,27183,0
1183,64,27190,0
1184,64,29821,0
1185,64,27180,0
1186,64,27215,0
1187,64,27219,0
1188,64,27217,0
1189,64,27183,0
1190,64,27210,0
1191,64,27222,0
1192,64,27202,0
1193,64,27244,0
1194,64,27255,0
1195,64,27199,0
1196,64,27249,0
1197,64,27203,0
1198,64,27219,0
1199,64,27193,0
1200,64,27231,0
1201,64,27229,0
1202,64,27216,0
1203,64,27203,0
1204,64,27251,0
1205,64,27231,0
1206,64,27155,0
1207,64,27200,0
1208,64,27192,0
1209,64,27207,0
1210,64,27264,0
1211,64,27235,0
1212,64,27208,0
1213,64,27201,0
1214,64,27178,0
1215,64,27272,0
1216,64,27244,0
1217,64,27210,0
1218,64,27173,0
1219,64,27212,0
1220,64,29798,0
1221,64,27346,0
1222,64,27262,0
1223,64,27239,0
1224,64,27208,0
1225,64,27222,0
1226,64,27243,0
1227,64,27190,0
1228,64,27221,0
1229,64,27232,0
1230,64,27222,0
1231,64,27463,0
1232,64,27230,0
1233,64,27255,0
1234,64,27222,0
1235,64,27175,0
1236,64,27198,0
1237,64,27270,0
1238,64,27300,0
1239,64,27455,0
1240,64,27996,0
1241,64,27287,0
1242,64,27204,0
1243,64,27207,0
1244,64,27254,0
1245,64,27183,0
1246,64,27228,0
1247,64,27250,0
1248,64,27202,0
1249,64,27264,0
1250,64,27239,0
1251,64,27221,0
1252,64,27235,0
1253,64,27222,0
1254,64,27213,0
1255,64,27213,0
1256,64,27207,0
1257,64,30136,0
1258,64,27262,0
1259,64,27236,0
1260,64,27208,0
1261,64,27184,0
1262,64,27231,0
1263,64,27248,0
1264,64,27258,0
1265,64,27211,0
1266,64,27176,0
1267,64,27192,0
1268,64,27254,0
1269,64,27276,0
1270,64,27226,0
1271,64,27192,0
1272,64,27191,0
1273,64,27252,0
1274,64,27260,0
1275,64,27243,0
1276,64,27201,0
1277,64,27213,0
1278,64,27240,0
1279,64,27205,0
1280,64,27243,0
1281,64,27181,0
1282,64,27192,0
1283,64,27234,0
1284,64,27206,0
1285,64,27223,0
1286,64,27201,0
1287,64,27202,0
1288,64,27233,0
1289,64,27256,0
1290,64,27255,0
1291,64,27206,0
1292,64,27203,0
1293,64,31066,0
1294,64,27247,0
1295,64,27466,0
1296,64,27180,0
1297,64,27260,0
1298,64,27262,0
1299,64,27187,0
1300,64,27209,0
1301,64,27247,0
1302,64,27258,0
1303,64,27223,0
1304,64,27189,0
1305,64,27230,0
1306,64,27189,0
1307,64,27174,0
1308,64,27178,0
1309,64,27195,0
1310,64,27217,0
1311,64,27212,0
1312,64,27213,0
1313,64,27283,0
1314,64,27185,0
1315,64,27231,0
1316,64,27236,0
1317,64,27249,0
1318,64,27280,0
1319,64,27247,0
1320,64,27228,0
1321,64,27205,0
1322,64,27232,0
1323,64,27236,0
1324,64,27223,0
1325,64,27239,0
1326,64,27246,0
1327,64,27231,0
1328,64,27239,0
1329,64,30294,0
1330,64,27259,0
1331,64,27275,0
1332,64,27233,0
1333,64,27230,0
1334,64,27212,0
1335,64,27196,0
1336,64,27254,0
1337,64,27271,0
1338,64,27212,0
1339,64,27217,0
1340,64,27221,0
1341,64,27224,0
1342,64,27238,0
1343,64,27177,0
1344,64,27218,0
1345,64,27228,0
1346,64,27239,0
1347,64,27257,0
1348,64,27219,0
1349,64,27198,0
1350,64,27203,0
1351,64,27233,0
1352,64,27228,0
1353,64,27208,0
1354,64,27224,0
1355,64,27179,0
1356,64,27232,0
1357,64,27222,0
1358,64,27172,0
1359,64,27177,0
1360,64,27214,0
1361,64,27258,0
1362,64,27285,0
1363,64,27226,0
1364,64,27219,0
1365,64,29643,0
1366,64,27326,0
1367,64,27266,0
1368,64,27337,0
1369,64,27187,0
1370,64,27241,0
1371,64,27223,0
1372,64,27217,0
1373,64,27223,0
1374,64,27178,0
1375,64,27186,0
1376,64,27409,0
1377,64,27304,0
1378,64,27215,0
1379,64,27248,0
1380,64,27189,0
1381,64,35949,0
1382,64,30504,0
1383,64,35170,0
1384,64,27352,0
1385,64,27162,0
1386,64,27316,0
1387,64,27219,0
1388,64,27385,0
1389,64,27228,0
1390,64,27224,0
1391,64,27207,0
1392,64,27349,0
1393,64,27200,0
1394,64,27221,0
1395,64,27202,0
1396,64,27317,0
1397,64,27223,0
1398,64,27211,0
1399,64,27215,0
1400,64,27191,0
1401,64,31248,0
1402,64,27223,0
1403,64,27220,0
1404,64,27202,0
1405,64,27160,0
1406,64,27186,0
1407,64,27185,0
1408,64,27199,0
1409,64,27186,0
1410,64,27206,0
1411,64,27196,0
1412,64,27196,0
1413,64,27202,0
1414,64,27218,0
1415,64,27186,0
1416,64,27206,0
1417,64,27237,0
1418,64,27282,0
1419,64,27231,0
1420,64,27209,0
1421,64,27215,0
1422,64,27195,0
1423,64,27244,0
1424,64,27212,0
1425,64,27170,0
1426,64,27189,0
1427,64,27181,0
1428,64,27211,0
1429,64,27224,0
1430,64,27191,0
1431,64,27187,0
1432,64,27177,0
1433,64,27262,0
1434,64,27252,0
1435,64,27176,0
1436,64,27180,0
1437,64,30229,0
1438,64,27240,0
1439,64,27201,0
1440,64,27196,0
1441,64,27220,0
1442,64,27227,0
1443,64,27206,0
1444,64,27179,0
1445,64,27202,0
1446,64,27221,0
1447,64,27187,0
1448,64,27202,0
1449,64,27166,0
1450,64,27193,0
1451,64,27136,0
1452,64,27168,0
1453,64,27202,0
1454,64,27200,0
1455,64,27244,0
1456,64,27206,0
1457,64,27181,0
1458,64,27216,0
1459,64,27219,0
1460,64,27235,0
1461,64,27192,0
1462,64,27231,0
1463,64,27195,0
1464,64,27239,0
1465,64,27174,0
1466,64,27204,0
1467,64,27219,0
1468,64,27227,0
1469,64,27256,0
1470,64,27210,0
1471,64,27167,0
1472,64,27213,0
1473,64,34821,0
1474,64,27662,0
1475,64,27304,0
1476,64,27234,0
1477,64,27184,0
1478,64,27197,0
1479,64,27207,0
1480,64,27254,0
1481,64,27222,0
1482,64,27172,0
1483,64,27283,0
1484,64,27211,0
1485,64,27230,0
1486,64,27220,0
1487,64,27211,0
1488,64,27159,0
1489,64,27227,0
1490,64,27199,0
1491,64,27232,0
1492,64,27216,0
1493,64,27200,0
1494,64,33007,0
1495,64,28563,0
1496,64,27259,0
1497,64,27239,0
1498,64,27207,0
1499,64,27177,0
1500,64,27221,0
1501,64,27201,0
1502,64,27211,0
1503,64,27209,0
1504,64,27402,0
1505,64,27265,0
1506,64,27243,0
1507,64,27239,0
1508,64,27238,0
1509,64,36707,0
1510,64,27322,0
1511,64,27269,0
1512,64,27220,0
1513,64,27675,0
1514,64,44047,0
1515,64,45359,0
1516,64,36119,0
1517,64,27313,0
1518,64,27211,0
1519,64,27279,0
1520,64,27238,0
1521,64,27248,0
1522,64,27205,0
1523,64,27163,0
1524,64,27190,0
1525,64,27283,0
1526,64,27267,0
1527,64,27181,0
1528,64,27204,0
1529,64,27175,0
1530,64,27209,0
1531,64,27243,0
1532,64,27258,0
1533,64,27192,0
1534,64,27185,0
1535,64,27234,0
1536,64,27231,0
1537,64,27237,0
1538,64,27186,0
1539,64,27188,0
1540,64,27196,0
1541,64,27319,0
1542,64,27196,0
1543,64,27167,0
1544,64,31874,0
1545,64,27220,0
1546,64,27202,0
1547,64,27264,0
1548,64,27249,0
1549,64,27232,0
1550,64,27198,0
1551,64,27177,0
1552,64,27196,0
1553,64,27217,0
1554,64,27281,0
1555,64,27238,0
1556,64,27201,0
1557,64,27225,0
1558,64,27217,0
1559,64,27263,0
1560,64,27230,0
1561,64,27214,0
1562,64,27256,0
1563,64,27203,0
1564,64,27238,0
1565,64,27188,0
1566,64,27191,0
1567,64,27245,0
1568,64,27221,0
1569,64,27239,0
1570,64,27218,0
1571,64,27268,0
1572,64,27204,0
1573,64,27243,0
1574,64,27220,0
1575,64,27242,0
1576,64,27227,0
1577,64,27263,0
1578,64,27214,0
1579,64,27237,0
1580,64,31227,0
1581,64,27198,0
1582,64,27209,0
1583,64,27158,0
1584,64,27220,0
1585,64,27201,0
1586,64,27205,0
1587,64,27196,0
1588,64,27223,0
1589,64,27232,0
1590,64,27179,0
1591,64,27230,0
1592,64,27234,0
1593,64,27188,0
1594,64,27225,0
1595,64,27187,0
1596,64,27205,0
1597,64,27216,0
1598,64,27251,0
1599,64,27226,0
1600,64,27177,0
1601,64,27209,0
1602,64,27232,0
1603,64,27246,0
1604,64,27213,0
1605,64,27251,0
1606,64,27232,0
1607,64,27209,0
1608,64,27298,0
1609,64,27258,0
1610,64,27190,0
1611,64,27225,0
1612,64,27232,0
1613,64,27313,0
1614,64,27238,0
1615,64,27225,0
1616,64,30542,0
1617,64,27189,0
1618,64,27172,0
1619,64,27206,0
1620,64,27253,0
1621,64,27198,0
1622,64,27153,0
1623,64,27193,0
1624,64,27166,0
1625,64,27213,0
1626,64,27335,0
1627,64,27280,0
1628,64,27226,0
1629,64,27216,0
1630,64,27253,0
1631,64,27220,0
1632,64,27160,0
1633,64,27190,0
1634,64,27225,0
1635,64,27221,0
1636,64,27284,0
1637,64,27185,0
1638,64,27190,0
1639,64,27206,0
1640,64,27446,0
1641,64,27278,0
1642,64,27251,0
1643,64,27239,0
1644,64,27199,0
1645,64,27252,0
1646,64,27224,0
1647,64,27272,0
1648,64,27224,0
1649,64,27226,0
1650,64,27269,0
1651,64,27259,0
1652,64,31017,0
1653,64,27338,0
1654,64,27247,0
1655,64,27188,0
1656,64,27208,0
1657,64,27211,0
1658,64,27218,0
1659,64,27268,0
1660,64,27222,0
1661,64,27184,0
1662,64,27195,0
1663,64,27236,0
1664,64,27227,0
1665,64,27230,0
1666,64,27193,0
1667,64,27183,0
1668,64,27242,0
1669,64,27204,0
1670,64,27218,0
1671,64,27243,0
1672,64,27182,0
1673,64,27248,0
1674,64,27177,0
1675,64,27196,0
1676,64,27219,0
1677,64,27220,0
1678,64,27209,0
1679,64,27199,0
1680,64,27214,0
1681,64,27195,0
1682,64,27228,0
1683,64,27239,0
1684,64,27190,0
1685,64,27244,0
1686,64,27245,0
1687,64,27316,0
1688,64,30451,0
1689,64,27384,0
1690,64,27247,0
1691,64,27179,0
1692,64,27195,0
1693,64,27192,0
1694,64,27241,0
1695,64,27253,0
1696,64,27214,0
1697,64,27175,0
1698,64,27242,0
1699,64,27256,0
1700,64,27267,0
1701,64,27261,0
1702,64,27201,0
1703,64,27194,0
1704,64,27216,0
1705,64,27248,0
1706,64,27241,0
1707,64,27273,0
1708,64,27192,0
1709,64,27230,0
1710,64,27188,0
1711,64,27222,0
1712,64,27247,0
1713,64,27185,0
1714,64,27266,0
1715,64,27278,0
1716,64,27230,0
1717,64,27240,0
1718,64,27232,0
1719,64,27225,0
1720,64,27260,0
1721,64,27222,0
1722,64,27245,0
1723,64,27255,0
1724,64,27237,0
1725,64,29747,0
1726,64,27270,0
1727,64,27341,0
1728,64,27225,0
1729,64,27220,0
1730,64,27246,0
1731,64,27242,0
1732,64,27220,0
1733,64,27200,0
1734,64,27177,0
1735,64,27222,0
1736,64,27221,0
1737,64,27214,0
1738,64,27245,0
1739,64,27232,0
1740,64,27203,0
1741,64,27222,0
1742,64,27213,0
1743,64,27233,0
1744,64,27253,0
1745,64,27237,0
1746,64,27213,0
1747,64,27221,0
1748,64,27242,0
1749,64,27274,0
1750,64,27237,0
1751,64,27204,0
1752,64,27210,0
1753,64,27223,0
1754,64,27209,0
1755,64,27252,0
1756,64,27257,0
1757,64,27221,0
1758,64,27246,0
1759,64,27231,0
1760,64,27251,0
1761,64,30100,0
1762,64,27197,0
1763,64,27241,0
1764,64,27238,0
1765,64,27194,0
1766,64,27222,0
1767,64,27221,0
1768,64,27236,0
1769,64,27265,0
1770,64,27227,0
1771,64,27245,0
1772,64,27240,0
1773,64,27226,0
1774,64,27230,0
1775,64,27225,0
1776,64,27247,0
1777,64,27382,0
1778,64,27198,0
1779,64,27221,0
1780,64,27326,0
1781,64,27471,0
1782,64,27265,0
1783,64,27215,0
1784,64,27219,0
1785,64,27172,0
1786,64,27220,0
1787,64,27254,0
1788,64,27208,0
1789,64,27159,0
1790,64,27210,0
1791,64,27240,0
1792,64,27232,0
1793,64,27266,0
1794,64,27242,0
1795,64,27209,0
1796,64,27247,0
1797,64,30406,0
1798,64,27310,0
1799,64,27255,0
1800,64,27254,0
1801,64,27238,0
1802,64,27245,0
1803,64,27244,0
1804,64,27244,0
1805,64,27225,0
1806,64,27203,0
1807,64,27242,0
1808,64,27218,0
1809,64,27234,0
1810,64,27273,0
1811,64,27223,0
1812,64,27218,0
1813,64,27205,0
1814,64,27231,0
1815,64,27221,0
1816,64,27273,0
1817,64,27183,0
1818,64,27206,0
1819,64,27203,0
1820,64,27229,0
1821,64,27236,0
1822,64,27212,0
1823,64,27215,0
1824,64,27233,0
1825,64,27223,0
1826,64,27220,0
1827,64,27210,0
1828,64,27238,0
1829,64,27205,0
1830,64,27215,0
1831,64,27259,0
1832,64,27218,0
1833,64,27214,0
1834,64,27433,0
1835,64,27328,0
1836,64,27206,0
1837,64,27206,0
1838,64,27238,0
1839,64,27260,0
1840,64,27256,0
1841,64,27267,0
1842,64,27146,0
1843,64,27196,0
1844,64,27216,0
1845,64,27205,0
1846,64,27237,0
1847,64,27162,0
1848,64,27162,0
1849,64,27209,0
1850,64,27162,0
1851,64,27195,0
1852,64,27212,0
1853,64,27163,0
1854,64,27195,0
1855,64,27197,0
1856,64,27193,0
1857,64,27190,0
1858,64,27202,0
1859,64,27254,0
1860,64,27219,0
1861,64,27199,0
1862,64,27198,0
1863,64,27195,0
1864,64,27253,0
1865,64,27214,0
1866,64,27219,0
1867,64,27229,0
1868,64,27234,0
1869,64,27222,0
1870,64,29943,0
1871,64,27269,0
1872,64,27184,0
1873,64,27177,0
1874,64,27180,0
1875,64,27184,0
1876,64,27196,0
1877,64,27218,0
1878,64,27204,0
1879,64,27154,0
1880,64,27223,0
1881,64,27201,0
1882,64,27216,0
1883,64,27227,0
1884,64,27206,0
1885,64,27173,0
1886,64,27215,0
1887,64,27199,0
1888,64,27245,0
1889,64,27205,0
1890,64,27238,0
1891,64,27171,0
1892,64,27205,0
1893,64,27245,0
1894,64,27237,0
1895,64,27249,0
1896,64,27198,0
1897,64,27230,0
1898,64,27199,0
1899,64,27215,0
1900,64,27232,0
1901,64,27216,0
1902,64,27197,0
1903,64,27237,0
1904,64,27247,0
1905,64,27182,0
1906,64,29878,0
1907,64,27208,0
1908,64,27265,0
1909,64,27212,0
1910,64,27182,0
1911,64,27203,0
1912,64,27217,0
1913,64,27289,0
1914,64,27221,0
1915,64,27200,0
1916,64,27256,0
1917,64,27237,0
1918,64,27246,0
1919,64,27189,0
1920,64,27191,0
1921,64,27218,0
1922,64,27255,0
1923,64,27168,0
1924,64,27206,0
1925,64,27234,0
1926,64,27266,0
1927,64,27209,0
1928,64,27217,0
1929,64,27233,0
1930,64,27234,0
1931,64,27237,0
1932,64,27207,0
1933,64,27236,0
1934,64,27224,0
1935,64,27188,0
1936,64,27228,0
1937,64,27220,0
1938,64,27256,0
1939,64,27195,0
1940,64,27192,0
1941,64,27203,0
1942,64,30354,0
1943,64,27320,0
1944,64,27234,0
1945,64,27242,0
1946,64,27231,0
1947,64,27244,0
1948,64,27227,0
1949,64,27181,0
1950,64,27196,0
1951,64,27176,0
1952,64,27246,0
1953,64,27246,0
1954,64,27232,0
1955,64,27209,0
1956,64,27190,0
1957,64,27207,0
1958,64,27247,0
1959,64,27198,0
1960,64,27222,0
1961,64,27164,0
1962,64,27221,0
1963,64,27219,0
1964,64,27199,0
1965,64,27184,0
1966,64,27209,0
1967,64,27222,0
1968,64,27242,0
1969,64,27230,0
1970,64,27185,0
1971,64,27188,0
1972,64,27214,0
1973,64,27223,0
1974,64,27236,0
1975,64,27213,0
1976,64,27194,0
1977,64,27195,0
1978,64,27206,0
1979,64,29784,0
1980,64,27279,0
1981,64,27213,0
1982,64,27202,0
1983,64,27227,0
1984,64,27250,0
1985,64,27235,0
1986,64,27219,0
1987,64,27212,0
1988,64,27221,0
1989,64,27203,0
1990,64,27213,0
1991,64,27231,0
1992,64,27182,0
1993,64,27213,0
1994,64,27224,0
1995,64,27212,0
1996,64,27199,0
1997,64,27269,0
1998,64,27206,0
1999,64,27206,0
2000,64,27199,0
2001,64,27202,0
2002,64,27264,0
2003,64,27235,0
2004,64,27228,0
2005,64,27202,0
2006,64,27259,0
2007,64,27292,0
2008,64,27220,0
2009,64,27217,0
2010,64,27224,0
2011,64,27189,0
2012,64,27238,0
2013,64,27232,0
2014,64,27174,0
2015,64,29950,0
2016,64,27287,0
2017,64,27232,0
2018,64,27212,0
2019,64,27264,0
2020,64,27219,0
2021,64,27204,0
2022,64,27217,0
2023,64,27244,0
2024,64,27293,0
2025,64,27236,0
2026,64,27203,0
2027,64,27205,0
2028,64,27298,0
2029,64,27215,0
2030,64,27198,0
2031,64,27204,0
2032,64,27236,0
2033,64,27307,0
2034,64,27236,0
2035,64,27184,0
2036,64,27198,0
2037,64,27260,0
2038,64,27277,0
2039,64,27248,0
2040,64,27206,0
2041,64,27177,0
2042,64,27182,0
2043,64,27266,0
2044,64,27216,0
2045,64,27202,0
2046,64,27245,0
2047,64,27248,0
2048,64,27267,0
2049,64,27268,0
2050,64,27346,0
2051,64,30349,0
2052,64,27300,0
2053,64,27241,0
2054,64,27229,0
2055,64,27228,0
2056,64,27230,0
2057,64,27176,0
2058,64,27249,0
2059,64,27216,0
2060,64,27198,0
2061,64,27211,0
2062,64,27242,0
2063,64,27222,0
2064,64,27232,0
2065,64,27201,0
2066,64,27244,0
2067,64,27222,0
2068,64,27222,0
2069,64,27201,0
2070,64,27198,0
2071,64,27217,0
2072,64,27224,0
2073,64,27205,0
2074,64,27205,0
2075,64,27232,0
2076,64,27239,0
2077,64,27216,0
2078,64,27232,0
2079,64,27217,0
2080,64,27187,0
2081,64,27213,0
2082,64,27227,0
2083,64,27213,0
2084,64,27231,0
2085,64,27190,0
2086,64,27232,0
2087,64,27205,0
2088,64,29919,0
2089,64,27225,0
2090,64,27212,0
2091,64,27209,0
2092,64,27237,0
2093,64,27256,0
2094,64,27204,0
2095,64,27176,0
2096,64,27209,0
2097,64,27247,0
2098,64,27273,0
2099,64,27237,0
2100,64,27253,0
2101,64,27213,0
2102,64,27224,0
2103,64,27242,0
2104,64,27233,0
2105,64,27224,0
2106,64,27200,0
2107,64,27203,0
2108,64,27226,0
2109,64,27306,0
2110,64,27166,0
2111,64,27236,0
2112,64,27242,0
2113,64,27253,0
2114,64,27213,0
2115,64,27196,0
2116,64,27180,0
2117,64,27226,0
2118,64,27243,0
2119,64,27250,0
2120,64,27192,0
2121,64,27173,0
2122,64,27186,0
2123,64,27209,0
2124,64,30968,0
2125,64,27445,0
2126,64,27265,0
2127,64,27194,0
2128,64,27209,0
2129,64,27240,0
2130,64,27239,0
2131,64,27346,0
2132,64,27301,0
2133,64,27220,0
2134,64,27354,0
2135,64,27211,0
2136,64,27261,0
2137,64,27234,0
2138,64,27239,0
2139,64,27226,0
2140,64,27256,0
2141,64,27247,0
2142,64,27266,0
2143,64,27187,0
2144,64,27217,0
2145,64,27174,0
2146,64,27208,0
2147,64,27180,0
2148,64,27230,0
2149,64,27230,0
2150,64,27217,0
2151,64,27236,0
2152,64,27190,0
2153,64,27193,0
2154,64,27215,0
2155,64,27266,0
2156,64,27259,0
2157,64,27219,0
2158,64,27186,0
2159,64,27238,0
2160,64,30425,0
2161,64,27247,0
2162,64,27218,0
2163,64,27201,0
2164,64,27210,0
2165,64,27252,0
2166,64,27227,0
2167,64,27232,0
2168,64,27211,0
2169,64,27213,0
2170,64,27269,0
2171,64,27257,0
2172,64,27176,0
2173,64,27215,0
2174,64,27220,0
2175,64,27263,0
2176,64,27244,0
2177,64,27187,0
2178,64,27188,0
2179,64,27177,0
2180,64,27231,0
2181,64,27231,0
2182,64,27205,0
2183,64,27182,0
2184,64,27193,0
2185,64,27222,0
2186,64,27325,0
2187,64,27185,0
2188,64,27191,0
2189,64,27214,0
2190,64,27287,0
2191,64,27233,0
2192,64,27247,0
2193,64,27179,0
2194,64,27206,0
2195,64,27252,0
2196,64,30685,0
2197,64,27348,0
2198,64,27279,0
2199,64,27210,0
2200,64,27191,0
2201,64,27247,0
2202,64,27247,0
2203,64,27255,0
2204,64,27220,0
2205,64,27210,0
2206,64,27213,0
2207,64,27261,0
2208,64,27266,0
2209,64,27204,0
2210,64,27210,0
2211,64,27204,0
2212,64,27230,0
2213,64,27265,0
2214,64,27179,0
2215,64,27190,0
2216,64,27175,0
2217,64,27247,0
2218,64,27272,0
2219,64,27190,0
2220,64,27198,0
2221,64,27180,0
2222,64,27221,0
2223,64,27220,0
2224,64,27174,0
2225,64,27194,0
2226,64,27212,0
2227,64,27260,0
2228,64,27276,0
2229,64,27230,0
2230,64,27166,0
2231,64,27168,0
2232,64,27236,0
2233,64,29992,0
2234,64,27252,0
2235,64,27211,0
2236,64,27162,0
2237,64,27184,0
2238,64,27257,0
2239,64,27222,0
2240,64,27194,0
2241,64,27203,0
2242,64,27205,0
2243,64,27237,0
2244,64,27210,0
2245,64,27189,0
2246,64,27183,0
2247,64,27193,0
2248,64,27264,0
2249,64,27249,0
2250,64,27225,0
2251,64,27181,0
2252,64,27219,0
2253,64,27276,0
2254,64,27236,0
2255,64,27188,0
2256,64,27222,0
2257,64,27202,0
2258,64,27214,0
2259,64,27198,0
2260,64,27201,0
2261,64,27188,0
2262,64,27214,0
2263,64,27255,0
2264,64,27260,0
2265,64,27188,0
2266,64,27179,0
2267,64,27208,0
2268,64,27265,0
2269,64,30377,0
2270,64,27283,0
2271,64,27266,0
2272,64,27210,0
2273,64,27190,0
2274,64,27275,0
2275,64,27190,0
2276,64,27187,0
2277,64,27219,0
2278,64,27218,0
2279,64,27192,0
2280,64,27214,0
2281,64,27230,0
2282,64,27231,0
2283,64,27218,0
2284,64,27163,0
2285,64,27229,0
2286,64,27204,0
2287,64,27204,0
2288,64,27236,0
2289,64,27191,0
2290,64,27224,0
2291,64,27167,0
2292,64,27214,0
2293,64,27262,0
2294,64,27201,0
2295,64,27231,0
2296,64,27190,0
2297,64,27209,0
2298,64,27197,0
2299,64,27232,0
2300,64,27219,0
2301,64,27212,0
2302,64,27342,0
2303,64,27193,0
2304,64,27226,0
2305,64,32125,0
2306,64,27333,0
2307,64,32566,0
2308,64,33407,0
2309,64,34153,0
2310,64,27862,0
2311,64,27244,0
2312,64,27207,0
2313,64,27237,0
2314,64,27182,0
2315,64,27276,0
2316,64,27292,0
2317,64,27257,0
2318,64,27266,0
2319,64,27206,0
2320,64,27204,0
2321,64,27203,0
2322,64,27219,0
2323,64,27328,0
2324,64,27201,0
2325,64,27210,0
2326,64,27197,0
2327,64,27262,0
2328,64,27271,0
2329,64,27210,0
2330,64,27213,0
2331,64,27225,0
2332,64,27281,0
2333,64,27234,0
2334,64,27206,0
2335,64,27212,0
2336,64,27197,0
2337,64,27252,0
2338,64,27211,0
2339,64,27223,0
2340,64,27461,0
2341,64,50165,0
2342,64,33033,0
2343,64,34032,0
2344,64,36890,0
2345,64,27354,0
2346,64,27254,0
2347,64,27172,0
2348,64,27193,0
2349,64,27226,0
2350,64,27282,0
2351,64,27246,0
2352,64,27196,0
2353,64,27183,0
2354,64,27234,0
2355,64,27230,0
2356,64,27252,0
2357,64,27206,0
2358,64,27205,0
2359,64,27212,0
2360,64,27217,0
2361,64,27246,0
2362,64,27232,0
2363,64,27209,0
2364,64,27219,0
2365,64,27258,0
2366,64,27248,0
2367,64,27224,0
2368,64,27169,0
2369,64,27183,0
2370,64,27242,0
2371,64,27254,0
2372,64,27276,0
2373,64,27229,0
2374,64,27217,0
2375,64,33080,0
2376,64,27324,0
2377,64,27216,0
2378,64,27262,0
2379,64,27276,0
2380,64,27239,0
2381,64,27231,0
2382,64,27291,0
2383,64,27249,0
2384,64,27260,0
2385,64,27164,0
2386,64,27213,0
2387,64,27191,0
2388,64,27235,0
2389,64,27231,0
2390,64,27213,0
2391,64,27229,0
2392,64,27197,0
2393,64,27246,0
2394,64,27257,0
2395,64,27245,0
2396,64,27186,0
2397,64,27193,0
2398,64,27224,0
2399,64,27211,0
2400,64,27219,0
2401,64,27199,0
2402,64,27137,0
2403,64,27219,0
2404,64,27216,0
2405,64,27240,0
2406,64,27244,0
2407,64,27222,0
2408,64,27280,0
2409,64,27183,0
2410,64,27191,0
2411,64,31462,0
2412,64,27329,0
2413,64,27199,0
2414,64,27177,0
2415,64,27215,0
2416,64,27289,0
2417,64,27297,0
2418,64,27209,0
2419,64,27159,0
2420,64,27242,0
2421,64,27184,0
2422,64,27253,0
2423,64,27183,0
2424,64,27224,0
2425,64,27226,0
2426,64,27205,0
2427,64,27239,0
2428,64,27206,0
2429,64,27186,0
2430,64,27212,0
2431,64,27203,0
2432,64,27241,0
2433,64,27191,0
2434,64,27219,0
2435,64,27201,0
2436,64,27196,0
2437,64,27206,0
2438,64,27226,0
2439,64,27211,0
2440,64,27226,0
2441,64,27173,0
2442,64,27233,0
2443,64,27238,0
2444,64,27200,0
2445,64,27226,0
2446,64,27230,0
2447,64,27242,0
2448,64,30332,0
2449,64,27221,0
2450,64,27224,0
2451,64,27231,0
2452,64,27262,0
2453,64,27185,0
2454,64,27236,0
2455,64,27215,0
2456,64,27246,0
2457,64,27212,0
2458,64,27195,0
2459,64,27233,0
2460,64,27364,0
2461,64,27260,0
2462,64,27261,0
2463,64,27205,0
2464,64,27187,0
2465,64,27182,0
2466,64,27245,0
2467,64,27232,0
2468,64,27247,0
2469,64,27255,0
2470,64,27195,0
2471,64,27225,0
2472,64,27220,0
2473,64,27240,0
2474,64,27174,0
2475,64,27195,0
2476,64,27202,0
2477,64,27275,0
2478,64,27236,0
2479,64,27198,0
2480,64,27170,0
2481,64,27167,0
2482,64,27234,0
2483,64,27240,0
2484,64,30830,0
2485,64,27260,0
2486,64,27179,0
2487,64,27184,0
2488,64,27193,0
2489,64,27235,0
2490,64,27245,0
2491,64,27203,0
2492,64,27165,0
2493,64,27153,0
2494,64,27198,0
2495,64,27231,0
2496,64,27211,0
2497,64,27214,0
2498,64,27188,0
2499,64,27186,0
2500,64,27226,0
2501,64,27215,0
2502,64,27159,0
2503,64,27188,0
2504,64,27220,0
2505,64,27257,0
2506,64,27170,0
2507,64,27176,0
2508,64,27167,0
2509,64,27199,0
2510,64,27203,0
2511,64,27245,0
2512,64,27160,0
2513,64,27175,0
2514,64,27199,0
2515,64,27221,0
2516,64,27215,0
2517,64,27203,0
2518,64,27204,0
2519,64,27246,0
2520,64,29919,0
2521,64,27292,0
2522,64,27191,0
2523,64,27179,0
2524,64,27203,0
2525,64,27243,0
2526,64,27253,0
2527,64,27286,0
2528,64,27193,0
2529,64,27171,0
2530,64,27217,0
2531,64,27229,0
2532,64,27254,0
2533,64,27216,0
2534,64,27184,0
2535,64,27202,0
2536,64,27175,0
2537,64,27249,0
2538,64,27163,0
2539,64,27199,0
2540,64,27235,0
2541,64,27198,0
2542,64,27284,0
2543,64,27216,0
2544,64,27186,0
2545,64,27285,0
2546,64,27265,0
2547,64,27244,0
2548,64,27182,0
2549,64,27243,0
2550,64,27201,0
2551,64,27178,0
2552,64,27186,0
2553,64,27223,0
2554,64,27244,0
2555,64,27213,0
2556,64,30123,0
2557,64,27391,0
2558,64,27217,0
2559,64,27212,0
2560,64,27218,0
2561,64,27275,0
2562,64,27231,0
2563,64,27233,0
2564,64,27183,0
2565,64,27205,0
2566,64,27227,0
2567,64,27208,0
2568,64,27273,0
2569,64,27182,0
2570,64,27200,0
2571,64,27221,0
2572,64,27191,0
2573,64,27222,0
2574,64,27246,0
2575,64,27210,0
2576,64,27207,0
2577,64,27228,0
2578,64,27247,0
2579,64,27199,0
2580,64,27167,0
2581,64,27209,0
2582,64,27226,0
2583,64,27222,0
2584,64,27216,0
2585,64,27232,0
2586,64,27218,0
2587,64,27145,0
2588,64,27210,0
2589,64,27234,0
2590,64,27314,0
2591,64,27372,0
2592,64,27172,0
2593,64,30424,0
2594,64,27191,0
2595,64,29080,0
2596,64,44918,0
2597,64,28347,0
2598,64,27300,0
2599,64,27309,0
2600,64,27212,0
2601,64,27202,0
2602,64,27215,0
2603,64,27246,0
2604,64,27254,0
2605,64,27198,0
2606,64,27166,0
2607,64,27190,0
2608,64,27219,0
2609,64,27259,0
2610,64,27236,0
2611,64,27224,0
2612,64,27187,0
2613,64,27167,0
2614,64,27215,0
2615,64,27252,0
2616,64,27204,0
2617,64,27182,0
2618,64,27176,0
2619,64,27264,0
2620,64,27207,0
2621,64,27195,0
2622,64,27162,0
2623,64,27181,0
2624,64,27278,0
2625,64,27231,0
2626,64,27219,0
2627,64,27190,0
2628,64,31756,0
2629,64,27258,0
2630,64,27206,0
2631,64,27299,0
2632,64,27257,0
2633,64,27223,0
2634,64,27164,0
2635,64,27200,0
2636,64,27214,0
2637,64,27245,0
2638,64,27189,0
2639,64,27200,0
2640,64,27197,0
2641,64,27215,0
2642,64,27200,0
2643,64,27193,0
2644,64,27229,0
2645,64,27242,0
2646,64,27241,0
2647,64,27187,0
2648,64,27183,0
2649,64,27147,0
2650,64,27239,0
2651,64,27215,0
2652,64,27239,0
2653,64,27199,0
2654,64,27219,0
2655,64,27233,0
2656,64,27208,0
2657,64,27247,0
2658,64,27222,0
2659,64,27184,0
2660,64,27192,0
2661,64,27247,0
2662,64,27273,0
2663,64,27187,0
2664,64,30076,0
2665,64,27272,0
2666,64,27230,0
2667,64,27172,0
2668,64,27208,0
2669,64,27225,0
2670,64,27274,0
2671,64,27206,0
2672,64,27244,0
2673,64,27238,0
2674,64,27196,0
2675,64,27218,0
2676,64,27236,0
2677,64,27239,0
2678,64,27205,0
2679,64,27195,0
2680,64,27225,0
2681,64,27224,0
2682,64,27270,0
2683,64,27219,0
2684,64,27135,0
2685,64,27217,0
2686,64,27168,0
2687,64,27267,0
2688,64,27220,0
2689,64,27216,0
2690,64,27254,0
2691,64,27249,0
2692,64,27257,0
2693,64,27224,0
2694,64,27203,0
2695,64,27199,0
2696,64,27257,0
2697,64,27279,0
2698,64,27256,0
2699,64,27173,0
2700,64,27187,0
2701,64,30540,0
2702,64,27217,0
2703,64,27205,0
2704,64,27226,0
2705,64,27246,0
2706,64,27188,0
2707,64,27167,0
2708,64,27190,0
2709,64,36967,0
2710,64,47058,0
2711,64,44291,0
2712,64,46612,0
2713,64,30924,0
2714,64,36193,0
2715,64,27352,0
2716,64,27235,0
2717,64,27201,0
2718,64,27190,0
2719,64,27172,0
2720,64,27217,0
2721,64,27203,0
2722,64,27227,0
2723,64,27204,0
2724,64,27173,0
2725,64,27197,0
2726,64,27160,0
2727,64,27184,0
2728,64,27241,0
2729,64,27261,0
2730,64,27235,0
2731,64,27196,0
2732,64,27193,0
2733,64,27387,0
2734,64,32637,0
2735,64,27255,0
2736,64,27207,0
2737,64,27195,0
2738,64,27216,0
2739,64,27265,0
2740,64,27192,0
2741,64,27199,0
2742,64,27242,0
2743,64,27241,0
2744,64,27256,0
2745,64,27213,0
2746,64,27178,0
2747,64,27174,0
2748,64,27195,0
2749,64,27199,0
2750,64,27241,0
2751,64,27248,0
2752,64,27204,0
2753,64,27262,0
2754,64,27218,0
2755,64,27197,0
2756,64,27206,0
2757,64,27234,0
2758,64,27202,0
2759,64,27208,0
2760,64,27213,0
2761,64,27185,0
2762,64,27260,0
2763,64,27240,0
2764,64,27200,0
2765,64,27202,0
2766,64,27230,0
2767,64,27257,0
2768,64,27229,0
2769,64,27182,0
2770,64,31205,0
2771,64,27257,0
2772,64,27231,0
2773,64,27211,0
2774,64,27223,0
2775,64,27249,0
2776,64,27206,0
2777,64,27213,0
2778,64,27227,0
2779,64,27287,0
2780,64,27250,0
2781,64,27244,0
2782,64,27213,0
2783,64,27225,0
2784,64,27258,0
2785,64,27233,0
2786,64,27202,0
2787,64,27217,0
2788,64,27203,0
2789,64,27266,0
2790,64,27200,0
2791,64,27202,0
2792,64,27193,0
2793,64,27207,0
2794,64,27225,0
2795,64,27249,0
2796,64,27202,0
2797,64,27165,0
2798,64,27177,0
2799,64,27251,0
2800,64,27251,0
2801,64,27215,0
2802,64,27228,0
2803,64,27188,0
2804,64,27262,0
2805,64,27292,0
2806,64,30244,0
2807,64,27329,0
2808,64,27239,0
2809,64,27241,0
2810,64,27187,0
2811,64,27210,0
2812,64,27203,0
2813,64,27181,0
2814,64,27215,0
2815,64,27173,0
2816,64,27213,0
2817,64,27227,0
2818,64,27249,0
2819,64,27228,0
2820,64,27224,0
2821,64,27158,0
2822,64,27206,0
2823,64,27200,0
2824,64,27242,0
2825,64,27214,0
2826,64,27204,0
2827,64,27168,0
2828,64,27188,0
2829,64,27197,0
2830,64,27236,0
2831,64,27245,0
2832,64,27195,0
2833,64,27209,0
2834,64,27169,0
2835,64,27209,0
2836,64,27191,0
2837,64,27144,0
2838,64,27211,0
2839,64,27227,0
2840,64,27254,0
2841,64,27320,0
2842,64,27232,0
2843,64,30114,0
2844,64,27231,0
2845,64,27248,0
2846,64,27216,0
2847,64,27245,0
2848,64,27164,0
2849,64,27231,0
2850,64,27209,0
2851,64,27213,0
2852,64,27255,0
2853,64,27229,0
2854,64,27201,0
2855,64,27166,0
2856,64,27231,0
2857,64,27234,0
2858,64,27210,0
2859,64,27220,0
2860,64,27220,0
2861,64,27209,0
2862,64,27183,0
2863,64,27201,0
2864,64,27157,0
2865,64,27254,0
2866,64,27195,0
2867,64,27222,0
2868,64,27171,0
2869,64,27306,0
2870,64,27313,0
2871,64,27207,0
2872,64,27198,0
2873,64,27237,0
2874,64,27233,0
2875,64,27196,0
2876,64,27199,0
2877,64,27250,0
2878,64,27250,0
2879,64,30631,0
2880,64,27302,0
2881,64,27225,0
2882,64,27207,0
2883,64,27192,0
2884,64,27190,0
2885,64,27241,0
2886,64,27224,0
2887,64,27188,0
2888,64,27205,0
2889,64,27212,0
2890,64,27237,0
2891,64,27234,0
2892,64,27194,0
2893,64,27165,0
2894,64,27214,0
2895,64,27218,0
2896,64,27206,0
2897,64,27254,0
2898,64,27182,0
2899,64,27235,0
2900,64,27189,0
2901,64,27274,0
2902,64,27221,0
2903,64,27251,0
2904,64,27207,0
2905,64,27214,0
2906,64,27221,0
2907,64,27237,0
2908,64,27225,0
2909,64,27236,0
2910,64,27211,0
2911,64,27241,0
2912,64,27222,0
2913,64,27356,0
2914,64,27206,0
2915,64,30298,0
2916,64,27353,0
2917,64,27215,0
2918,64,34468,0
2919,64,27380,0
2920,64,27211,0
2921,64,27259,0
2922,64,27230,0
2923,64,27224,0
2924,64,27197,0
2925,64,27177,0
2926,64,27231,0
2927,64,27226,0
2928,64,27196,0
2929,64,27274,0
2930,64,27225,0
2931,64,27197,0
2932,64,27201,0
2933,64,27213,0
2934,64,27268,0
2935,64,27219,0
2936,64,27200,0
2937,64,27226,0
2938,64,27184,0
2939,64,27161,0
2940,64,27179,0
2941,64,27262,0
2942,64,27240,0
2943,64,27225,0
2944,64,27223,0
2945,64,27269,0
2946,64,27265,0
2947,64,27212,0
2948,64,27204,0
2949,64,27209,0
2950,64,27239,0
2951,64,30661,0
2952,64,27301,0
2953,64,27283,0
2954,64,27194,0
2955,64,27207,0
2956,64,27219,0
2957,64,27260,0
2958,64,27245,0
2959,64,27155,0
2960,64,27214,0
2961,64,27196,0
2962,64,27199,0
2963,64,27237,0
2964,64,27265,0
2965,64,27238,0
2966,64,27205,0
2967,64,27251,0
2968,64,27249,0
2969,64,27228,0
2970,64,27227,0
2971,64,27168,0
2972,64,27262,0
2973,64,27231,0
2974,64,27220,0
2975,64,27203,0
2976,64,27194,0
2977,64,27221,0
2978,64,27186,0
2979,64,27252,0
2980,64,27233,0
2981,64,27200,0
2982,64,27211,0
2983,64,27258,0
2984,64,27207,0
2985,64,27264,0
2986,64,27209,0
2987,64,30236,0
2988,64,27388,0
2989,64,27189,0
2990,64,27199,0
2991,64,27196,0
2992,64,27220,0
2993,64,27241,0
2994,64,27294,0
2995,64,27242,0
2996,64,27174,0
2997,64,27222,0
2998,64,32726,0
2999,64,31859,0
3000,64,35344,0
3001,64,27607,0
3002,64,27263,0
3003,64,27180,0
3004,64,27197,0
3005,64,27202,0
3006,64,27404,0
3007,64,27249,0
3008,64,27274,0
3009,64,27351,0
3010,64,27200,0
3011,64,27188,0
3012,64,27219,0
3013,64,27207,0
3014,64,27207,0
3015,64,27252,0
3016,64,27234,0
3017,64,27185,0
3018,64,27261,0
3019,64,27274,0
3020,64,27218,0
3021,64,27242,0
3022,64,27229,0
3023,64,36339,0
3024,64,27228,0
3025,64,27224,0
3026,64,27220,0
3027,64,27233,0
3028,64,27218,0
3029,64,27211,0
3030,64,27222,0
3031,64,27167,0
3032,64,27178,0
3033,64,27248,0
3034,64,27231,0
3035,64,27241,0
3036,64,27211,0
3037,64,27224,0
3038,64,27196,0
3039,64,27224,0
3040,64,27218,0
3041,64,27246,0
3042,64,27247,0
3043,64,27225,0
3044,64,27233,0
3045,64,27242,0
3046,64,27153,0
3047,64,27176,0
3048,64,27198,0
3049,64,27289,0
3050,64,27211,0
3051,64,27204,0
3052,64,27194,0
3053,64,27250,0
3054,64,27254,0
3055,64,27269,0
3056,64,27180,0
3057,64,27211,0
3058,64,27167,0
3059,64,30503,0
3060,64,27198,0
3061,64,27206,0
3062,64,27178,0
3063,64,27216,0
3064,64,27210,0
3065,64,27168,0
3066,64,27168,0
3067,64,27169,0
3068,64,27235,0
3069,64,27202,0
3070,64,27377,0
3071,64,27216,0
3072,64,27155,0
3073,64,27136,0
3074,64,27232,0
3075,64,27233,0
3076,64,27223,0
3077,64,27229,0
3078,64,27146,0
3079,64,27216,0
3080,64,27245,0
3081,64,27205,0
3082,64,27176,0
3083,64,27163,0
3084,64,27214,0
3085,64,27223,0
3086,64,27215,0
3087,64,27199,0
3088,64,27136,0
3089,64,27184,0
3090,64,27200,0
3091,64,27247,0
3092,64,27225,0
3093,64,27213,0
3094,64,27195,0
3095,64,29966,0
3096,64,27306,0
3097,64,27195,0
3098,64,27198,0
3099,64,27249,0
3100,64,27221,0
3101,64,27232,0
3102,64,27216,0
3103,64,27141,0
3104,64,27215,0
3105,64,27223,0
3106,64,27257,0
3107,64,27204,0
3108,64,27185,0
3109,64,27195,0
3110,64,27219,0
3111,64,27265,0
3112,64,27262,0
3113,64,27213,0
3114,64,27203,0
3115,64,27222,0
3116,64,27260,0
3117,64,27284,0
3118,64,27243,0
3119,64,27223,0
3120,64,27195,0
3121,64,27280,0
3122,64,27264,0
3123,64,27241,0
3124,64,27221,0
3125,64,27219,0
3126,64,27282,0
3127,64,27265,0
3128,64,27276,0
3129,64,27236,0
3130,64,27188,0
3131,64,27237,0
3132,64,31261,0
3133,64,27259,0
3134,64,27268,0
3135,64,27171,0
3136,64,27212,0
3137,64,27176,0
3138,64,27275,0
3139,64,27210,0
3140,64,27246,0
3141,64,27180,0
3142,64,27352,0
3143,64,27235,0
3144,64,27239,0
3145,64,27207,0
3146,64,27235,0
3147,64,27236,0
3148,64,27225,0
3149,64,27236,0
3150,64,27175,0
3151,64,27223,0
3152,64,27174,0
3153,64,27200,0
3154,64,27191,0
3155,64,27156,0
3156,64,27222,0
3157,64,27251,0
3158,64,27251,0
3159,64,27243,0
3160,64,27232,0
3161,64,27178,0
3162,64,27207,0
3163,64,27273,0
3164,64,27209,0
3165,64,27277,0
3166,64,27197,0
3167,64,27181,0
3168,64,30510,0
3169,64,27341,0
3170,64,29224,0
3171,64,32236,0
3172,64,34740,0
3173,64,27563,0
3174,64,27193,0
3175,64,27191,0
3176,64,27234,0
3177,64,27159,0
3178,64,27225,0
3179,64,27246,0
3180,64,27242,0
3181,64,34769,0
3182,64,27272,0
3183,64,27360,0
3184,64,38938,0
3185,64,31890,0
3186,64,32585,0
3187,64,27238,0
3188,64,27238,0
3189,64,27214,0
3190,64,27202,0
3191,64,27209,0
3192,64,27244,0
3193,64,27202,0
3194,64,27179,0
3195,64,27194,0
3196,64,27204,0
3197,64,27271,0
3198,64,27213,0
3199,64,27174,0
3200,64,27155,0
3201,64,27196,0
3202,64,34894,0
3203,64,27423,0
3204,64,27234,0
3205,64,27198,0
3206,64,27193,0
3207,64,27185,0
3208,64,28017,0
3209,64,44630,0
3210,64,28242,0
3211,64,35301,0
3212,64,27277,0
3213,64,27201,0
3214,64,27246,0
3215,64,27200,0
3216,64,27242,0
3217,64,27217,0
3218,64,27235,0
3219,64,27270,0
3220,64,27211,0
3221,64,27199,0
3222,64,27217,0
3223,64,27218,0
3224,64,27231,0
3225,64,27232,0
3226,64,27191,0
3227,64,27213,0
3228,64,27243,0
3229,64,27195,0
3230,64,27221,0
3231,64,27235,0
3232,64,27218,0
3233,64,27273,0
3234,64,27243,0
3235,64,27192,0
3236,64,27235,0
3237,64,31751,0
3238,64,27450,0
3239,64,27244,0
3240,64,27215,0
3241,64,27238,0
3242,64,27206,0
3243,64,27245,0
3244,64,27178,0
3245,64,27205,0
3246,64,27220,0
3247,64,27211,0
3248,64,27215,0
3249,64,27241,0
3250,64,27215,0
3251,64,27188,0
3252,64,27216,0
3253,64,27245,0
3254,64,27189,0
3255,64,27208,0
3256,64,27230,0
3257,64,27212,0
3258,64,27187,0
3259,64,27217,0
3260,64,27210,0
3261,64,27245,0
3262,64,27241,0
3263,64,27214,0
3264,64,27215,0
3265,64,27216,0
3266,64,27195,0
3267,64,27183,0
3268,64,27233,0
3269,64,27205,0
3270,64,27176,0
3271,64,27211,0
3272,64,27194,0
3273,64,27217,0
3274,64,30404,0
3275,64,27265,0
3276,64,27263,0
3277,64,27196,0
3278,64,27208,0
3279,64,27455,0
3280,64,27233,0
3281,64,27220,0
3282,64,27199,0
3283,64,27202,0
3284,64,43631,0
3285,64,29527,0
3286,64,35355,0
3287,64,27283,0
3288,64,27211,0
3289,64,27187,0
3290,64,27215,0
3291,64,27229,0
3292,64,27265,0
3293,64,27242,0
3294,64,27197,0
3295,64,27181,0
3296,64,27200,0
3297,64,27246,0
3298,64,27266,0
3299,64,27228,0
3300,64,27178,0
3301,64,27203,0
3302,64,27226,0
3303,64,27229,0
3304,64,27162,0
3305,64,27194,0
3306,64,27216,0
3307,64,27231,0
3308,64,27206,0
3309,64,36451,0
3310,64,27311,0
3311,64,27267,0
3312,64,27160,0
3313,64,27216,0
3314,64,27206,0
3315,64,27213,0
3316,64,27219,0
3317,64,27177,0
3318,64,27181,0
3319,64,27225,0
3320,64,27238,0
3321,64,27214,0
3322,64,27200,0
3323,64,27193,0
3324,64,27255,0
3325,64,27191,0
3326,64,27207,0
3327,64,27237,0
3328,64,27204,0
3329,64,27247,0
3330,64,27263,0
3331,64,27180,0
3332,64,27189,0
3333,64,27193,0
3334,64,27263,0
3335,64,27257,0
3336,64,27226,0
3337,64,27201,0
3338,64,27163,0
3339,64,27193,0
3340,64,27243,0
3341,64,27221,0
3342,64,27189,0
3343,64,27199,0
3344,64,27236,0
3345,64,30638,0
3346,64,27249,0
3347,64,27218,0
3348,64,27167,0
3349,64,27237,0
3350,64,27220,0
3351,64,27236,0
3352,64,27183,0
3353,64,27218,0
3354,64,27202,0
3355,64,27227,0
3356,64,27215,0
3357,64,27211,0
3358,64,27197,0
3359,64,27233,0
3360,64,27229,0
3361,64,27194,0
3362,64,27200,0
3363,64,27178,0
3364,64,27225,0
3365,64,27207,0
3366,64,27230,0
3367,64,27199,0
3368,64,27179,0
3369,64,27234,0
3370,64,27236,0
3371,64,27241,0
3372,64,27221,0
3373,64,27226,0
3374,64,27187,0
3375,64,27232,0
3376,64,27254,0
3377,64,27228,0
3378,64,27228,0
3379,64,27221,0
3380,64,27203,0
3381,64,29981,0
3382,64,27247,0
3383,64,27215,0
3384,64,27210,0
3385,64,27242,0
3386,64,27265,0
3387,64,27216,0
3388,64,27214,0
3389,64,27214,0
3390,64,27201,0
3391,64,27282,0
3392,64,27244,0
3393,64,27221,0
3394,64,27204,0
3395,64,27211,0
3396,64,27221,0
3397,64,27218,0
3398,64,27225,0
3399,64,27163,0
3400,64,27200,0
3401,64,27253,0
3402,64,27239,0
3403,64,27162,0
3404,64,27175,0
3405,64,27193,0
3406,64,27204,0
3407,64,27219,0
3408,64,27272,0
3409,64,27207,0
3410,64,27187,0
3411,64,27232,0
3412,64,27173,0
3413,64,27226,0
3414,64,27205,0
3415,64,27437,0
3416,64,27207,0
3417,64,30317,0
3418,64,27289,0
3419,64,42237,0
3420,64,46802,0
3421,64,38267,0
3422,64,27325,0
3423,64,27211,0
3424,64,27235,0
3425,64,27214,0
3426,64,27208,0
3427,64,27220,0
3428,64,27216,0
3429,64,27254,0
3430,64,27205,0
3431,64,27222,0
3432,64,27303,0
3433,64,27248,0
3434,64,27198,0
3435,64,27219,0
3436,64,27198,0
3437,64,27138,0
3438,64,27197,0
3439,64,27203,0
3440,64,27188,0
3441,64,27174,0
3442,64,27191,0
3443,64,27202,0
3444,64,27198,0
3445,64,27238,0
3446,64,27198,0
3447,64,27198,0
3448,64,27194,0
3449,64,27264,0
3450,64,27271,0
3451,64,27201,0
3452,64,36500,0
3453,64,27277,0
3454,64,27223,0
3455,64,27264,0
3456,64,27240,0
3457,64,27254,0
3458,64,27214,0
3459,64,27243,0
3460,64,27203,0
3461,64,27236,0
3462,64,27251,0
3463,64,27220,0
3464,64,27252,0
3465,64,27191,0
3466,64,27247,0
3467,64,27226,0
3468,64,27183,0
3469,64,27252,0
3470,64,27248,0
3471,64,27275,0
3472,64,27223,0
3473,64,27204,0
3474,64,27201,0
3475,64,27170,0
3476,64,27258,0
3477,64,27252,0
3478,64,27226,0
3479,64,27253,0
3480,64,27234,0
3481,64,27237,0
3482,64,27214,0
3483,64,27197,0
3484,64,27262,0
3485,64,27230,0
3486,64,27276,0
3487,64,27200,0
3488,64,31032,0
3489,64,27224,0
3490,64,27184,0
3491,64,27195,0
3492,64,27253,0
3493,64,27310,0
3494,64,27232,0
3495,64,27232,0
3496,64,27184,0
3497,64,27233,0
3498,64,27219,0
3499,64,27273,0
3500,64,27227,0
3501,64,27225,0
3502,64,27243,0
3503,64,27277,0
3504,64,27228,0
3505,64,27211,0
3506,64,27220,0
3507,64,27254,0
3508,64,27253,0
3509,64,27246,0
3510,64,27188,0
3511,64,27186,0
3512,64,27200,0
3513,64,27211,0
3514,64,27309,0
3515,64,27273,0
3516,64,27192,0
3517,64,27226,0
3518,64,27294,0
3519,64,27265,0
3520,64,27238,0
3521,64,27243,0
3522,64,27226,0
3523,64,27238,0
3524,64,30212,0
3525,64,27324,0
3526,64,27192,0
3527,64,27234,0
3528,64,27251,0
3529,64,27203,0
3530,64,27277,0
3531,64,27204,0
3532,64,27196,0
3533,64,27228,0
3534,64,27283,0
3535,64,27221,0
3536,64,27225,0
3537,64,27202,0
3538,64,27206,0
3539,64,27227,0
3540,64,27249,0
3541,64,27212,0
3542,64,27207,0
3543,64,27237,0
3544,64,27277,0
3545,64,27262,0
3546,64,27213,0
3547,64,27211,0
3548,64,27242,0
3549,64,27187,0
3550,64,27258,0
3551,64,27213,0
3552,64,27374,0
3553,64,27230,0
3554,64,27209,0
3555,64,27256,0
3556,64,27328,0
3557,64,35412,0
3558,64,39936,0
3559,64,40011,0
3560,64,27869,0
3561,64,27249,0
3562,64,27208,0
3563,64,27250,0
3564,64,27210,0
3565,64,27286,0
3566,64,27272,0
3567,64,27253,0
3568,64,27254,0
3569,64,27238,0
3570,64,27268,0
3571,64,27211,0
3572,64,27260,0
3573,64,27262,0
3574,64,27216,0
3575,64,27228,0
3576,64,27231,0
3577,64,27238,0
3578,64,27204,0
3579,64,27202,0
3580,64,27285,0
3581,64,27225,0
3582,64,27218,0
3583,64,27275,0
3584,64,41133,0
3585,64,46392,0
3586,64,43570,0
3587,64,27480,0
3588,64,27231,0
3589,64,27170,0
3590,64,27201,0
3591,64,27250,0
3592,64,27236,0
3593,64,27218,0
3594,64,36132,0
3595,64,27284,0
3596,64,27206,0
3597,64,27189,0
3598,64,27220,0
3599,64,27309,0
3600,64,27278,0
3601,64,27271,0
3602,64,27196,0
3603,64,27188,0
3604,64,27247,0
3605,64,27222,0
3606,64,27235,0
3607,64,27211,0
3608,64,27199,0
3609,64,27232,0
3610,64,27226,0
3611,64,27170,0
3612,64,27186,0
3613,64,27218,0
3614,64,27235,0
3615,64,27233,0
3616,64,27238,0
3617,64,27222,0
3618,64,27243,0
3619,64,27214,0
3620,64,27202,0
3621,64,27235,0
3622,64,27230,0
3623,64,27255,0
3624,64,27245,0
3625,64,27234,0
3626,64,27200,0
3627,64,27187,0
3628,64,27227,0
3629,64,27255,0
3630,64,30917,0
3631,64,27262,0
3632,64,27180,0
3633,64,27120,0
3634,64,27176,0
3635,64,27230,0
3636,64,27229,0
3637,64,27261,0
3638,64,27176,0
3639,64,27215,0
3640,64,27216,0
3641,64,27197,0
3642,64,27202,0
3643,64,27263,0
3644,64,27165,0
3645,64,27251,0
3646,64,27211,0
3647,64,27215,0
3648,64,27191,0
3649,64,27237,0
3650,64,27205,0
3651,64,27148,0
3652,64,27202,0
3653,64,27218,0
3654,64,27217,0
3655,64,27200,0
3656,64,27194,0
3657,64,27195,0
3658,64,27216,0
3659,64,27247,0
3660,64,27263,0
3661,64,27155,0
3662,64,27176,0
3663,64,27205,0
3664,64,27267,0
3665,64,27242,0
3666,64,30617,0
3667,64,27292,0
3668,64,27199,0
3669,64,27188,0
3670,64,27212,0
3671,64,27240,0
3672,64,27239,0
3673,64,27208,0
3674,64,27195,0
3675,64,27189,0
3676,64,27231,0
3677,64,27212,0
3678,64,27214,0
3679,64,27161,0
3680,64,27207,0
3681,64,27220,0
3682,64,27209,0
3683,64,27240,0
3684,64,27231,0
3685,64,27239,0
3686,64,27242,0
3687,64,27234,0
3688,64,27361,0
3689,64,27239,0
3690,64,27197,0
3691,64,27222,0
3692,64,27235,0
3693,64,27200,0
3694,64,27174,0
3695,64,27210,0
3696,64,27219,0
3697,64,27224,0
3698,64,27167,0
3699,64,27339,0
3700,64,27566,0
3701,64,27247,0
3702,64,33242,0
3703,64,27251,0
3704,64,27200,0
3705,64,27237,0
3706,64,27234,0
3707,64,27229,0
3708,64,27192,0
3709,64,27179,0
3710,64,27215,0
3711,64,27179,0
3712,64,27188,0
3713,64,27185,0
3714,64,27227,0
3715,64,27169,0
3716,64,27225,0
3717,64,27196,0
3718,64,27183,0
3719,64,27210,0
3720,64,27255,0
3721,64,27170,0
3722,64,27172,0
3723,64,27195,0
3724,64,27193,0
3725,64,27200,0
3726,64,27196,0
3727,64,27202,0
3728,64,27198,0
3729,64,27188,0
3730,64,27210,0
3731,64,27206,0
3732,64,27250,0
3733,64,27260,0
3734,64,27213,0
3735,64,27203,0
3736,64,27180,0
3737,64,27245,0
3738,64,30742,0
3739,64,27313,0
3740,64,27278,0
3741,64,27250,0
3742,64,27180,0
3743,64,27167,0
3744,64,27196,0
3745,64,27273,0
3746,64,27221,0
3747,64,27238,0
3748,64,27187,0
3749,64,35219,0
3750,64,27374,0
3751,64,27261,0
3752,64,27219,0
3753,64,27259,0
3754,64,27212,0
3755,64,27194,0
3756,64,27230,0
3757,64,27200,0
3758,64,27212,0
3759,64,27229,0
3760,64,27285,0
3761,64,27211,0
3762,64,27197,0
3763,64,27218,0
3764,64,27191,0
3765,64,27265,0
3766,64,27240,0
3767,64,27157,0
3768,64,27182,0
3769,64,27223,0
3770,64,27268,0
3771,64,27197,0
3772,64,27190,0
3773,64,27187,0
3774,64,33468,0
3775,64,27404,0
3776,64,27216,0
3777,64,27165,0
3778,64,27203,0
3779,64,27152,0
3780,64,27206,0
3781,64,27144,0
3782,64,27160,0
3783,64,27176,0
3784,64,27200,0
3785,64,27185,0
3786,64,27212,0
3787,64,27152,0
3788,64,27134,0
3789,64,27155,0
3790,64,27193,0
3791,64,27225,0
3792,64,27203,0
3793,64,27135,0
3794,64,27163,0
3795,64,27142,0
3796,64,27229,0
3797,64,27217,0
3798,64,27207,0
3799,64,27172,0
3800,64,27141,0
3801,64,27175,0
3802,64,27191,0
3803,64,27210,0
3804,64,27184,0
3805,64,27191,0
3806,64,27185,0
3807,64,27135,0
3808,64,27197,0
3809,64,27182,0
3810,64,27202,0
3811,64,32547,0
3812,64,27253,0
3813,64,27231,0
3814,64,27196,0
3815,64,27175,0
3816,64,27176,0
3817,64,27175,0
3818,64,27178,0
3819,64,27214,0
3820,64,27255,0
3821,64,27277,0
3822,64,27223,0
3823,64,27208,0
3824,64,27203,0
3825,64,27330,0
3826,64,27214,0
3827,64,27270,0
3828,64,27238,0
3829,64,27174,0
3830,64,27200,0
3831,64,27207,0
3832,64,27231,0
3833,64,27283,0
3834,64,27228,0
3835,64,27209,0
3836,64,27156,0
3837,64,27248,0
3838,64,27235,0
3839,64,27208,0
3840,64,27193,0
3841,64,27200,0
3842,64,27267,0
3843,64,27238,0
3844,64,27238,0
3845,64,27222,0
3846,64,27191,0
3847,64,30917,0
3848,64,27255,0
3849,64,27246,0
3850,64,27188,0
3851,64,27217,0
3852,64,27235,0
3853,64,27157,0
3854,64,27166,0
3855,64,27156,0
3856,64,27226,0
3857,64,27226,0
3858,64,27175,0
3859,64,27220,0
3860,64,27187,0
3861,64,27261,0
3862,64,27245,0
3863,64,27240,0
3864,64,27222,0
3865,64,27200,0
3866,64,27195,0
3867,64,27198,0
3868,64,27201,0
3869,64,27183,0
3870,64,27212,0
3871,64,27209,0
3872,64,27252,0
3873,64,27223,0
3874,64,27253,0
3875,64,27223,0
3876,64,27173,0
3877,64,27263,0
3878,64,27258,0
3879,64,27280,0
3880,64,27205,0
3881,64,27207,0
3882,64,27187,0
3883,64,30802,0
3884,64,27219,0
3885,64,27282,0
3886,64,27283,0
3887,64,27168,0
3888,64,27171,0
3889,64,27155,0
3890,64,27224,0
3891,64,27209,0
3892,64,27260,0
3893,64,27209,0
3894,64,27163,0
3895,64,27228,0
3896,64,27175,0
3897,64,27187,0
3898,64,27171,0
3899,64,27191,0
3900,64,27211,0
3901,64,27225,0
3902,64,27201,0
3903,64,27197,0
3904,64,27184,0
3905,64,27231,0
3906,64,27182,0
3907,64,27281,0
3908,64,27220,0
3909,64,27191,0
3910,64,27175,0
3911,64,27176,0
3912,64,27211,0
3913,64,27212,0
3914,64,27233,0
3915,64,27254,0
3916,64,27164,0
3917,64,27201,0
3918,64,27204,0
3919,64,30550,0
3920,64,27291,0
3921,64,27233,0
3922,64,27243,0
3923,64,27232,0
3924,64,27200,0
3925,64,27265,0
3926,64,27235,0
3927,64,27213,0
3928,64,27229,0
3929,64,27186,0
3930,64,27214,0
3931,64,27274,0
3932,64,27244,0
3933,64,27172,0
3934,64,27155,0
3935,64,27220,0
3936,64,27260,0
3937,64,27276,0
3938,64,27218,0
3939,64,27205,0
3940,64,27206,0
3941,64,27242,0
3942,64,27276,0
3943,64,27198,0
3944,64,27201,0
3945,64,27170,0
3946,64,27220,0
3947,64,27246,0
3948,64,27224,0
3949,64,27170,0
3950,64,27211,0
3951,64,27218,0
3952,64,27245,0
3953,64,27218,0
3954,64,27186,0
3955,64,27186,0
3956,64,30526,0
3957,64,27234,0
3958,64,27177,0
3959,64,27202,0
3960,64,27203,0
3961,64,27327,0
3962,64,27208,0
3963,64,27289,0
3964,64,27336,0
3965,64,27192,0
3966,64,27236,0
3967,64,27277,0
3968,64,27245,0
3969,64,27233,0
3970,64,27201,0
3971,64,27260,0
3972,64,27192,0
3973,64,27260,0
3974,64,27235,0
3975,64,27248,0
3976,64,27176,0
3977,64,27177,0
3978,64,27219,0
3979,64,27232,0
3980,64,27205,0
3981,64,27184,0
3982,64,27232,0
3983,64,27190,0
3984,64,27209,0
3985,64,27203,0
3986,64,27207,0
3987,64,27244,0
3988,64,27221,0
3989,64,27195,0
3990,64,27202,0
3991,64,27199,0
3992,64,30590,0
3993,64,27247,0
3994,64,27273,0
3995,64,27271,0
3996,64,27219,0
3997,64,27169,0
3998,64,27156,0
3999,64,27235,0
4000,64,27262,0
4001,64,27266,0
4002,64,27194,0
4003,64,27217,0
4004,64,27210,0
4005,64,27195,0
4006,64,27214,0
4007,64,27239,0
4008,64,27207,0
4009,64,27176,0
4010,64,27167,0
4011,64,27200,0
4012,64,27244,0
4013,64,27217,0
4014,64,27244,0
4015,64,27209,0
4016,64,27189,0
4017,64,27213,0
4018,64,27226,0
4019,64,27202,0
4020,64,27152,0
4021,64,27216,0
4022,64,27204,0
4023,64,27255,0
4024,64,27220,0
4025,64,27207,0
4026,64,27179,0
4027,64,27163,0
4028,64,30320,0
4029,64,27273,0
4030,64,27235,0
4031,64,27227,0
4032,64,27248,0
4033,64,27245,0
4034,64,27222,0
4035,64,27218,0
4036,64,27182,0
4037,64,27240,0
4038,64,27207,0
4039,64,27196,0
4040,64,27244,0
4041,64,27177,0
4042,64,27212,0
4043,64,27191,0
4044,64,27250,0
4045,64,27215,0
4046,64,27197,0
4047,64,27206,0
4048,64,27206,0
4049,64,27247,0
4050,64,27201,0
4051,64,27192,0
4052,64,27198,0
4053,64,27229,0
4054,64,27239,0
4055,64,27234,0
4056,64,27184,0
4057,64,27171,0
4058,64,27211,0
4059,64,27297,0
4060,64,27240,0
4061,64,27182,0
4062,64,27186,0
4063,64,27197,0
4064,64,30293,0
4065,64,27313,0
4066,64,27246,0
4067,64,27227,0
4068,64,27209,0
4069,64,27251,0
4070,64,27193,0
4071,64,27223,0
4072,64,27198,0
4073,64,27270,0
4074,64,27229,0
4075,64,27224,0
4076,64,27242,0
4077,64,27181,0
4078,64,27228,0
4079,64,27242,0
4080,64,27264,0
4081,64,27238,0
4082,64,27166,0
4083,64,27203,0
4084,64,27173,0
4085,64,27255,0
4086,64,27209,0
4087,64,27190,0
4088,64,27188,0
4089,64,27191,0
4090,64,27491,0
4091,64,33956,0
4092,64,27337,0
4093,64,27199,0
4094,64,27225,0
4095,64,27243,0
4096,64,27241,0
4097,64,27211,0
4098,64,27303,0
4099,64,27211,0
4100,64,33043,0
4101,64,27437,0
4102,64,27261,0
4103,64,27259,0
4104,64,27255,0
4105,64,27241,0
4106,64,27245,0
4107,64,27220,0
4108,64,27244,0
4109,64,27245,0
4110,64,27227,0
4111,64,27233,0
4112,64,27225,0
4113,64,27247,0
4114,64,27266,0
4115,64,27234,0
4116,64,27232,0
4117,64,27178,0
4118,64,27269,0
4119,64,27240,0
4120,64,27253,0
4121,64,27218,0
4122,64,27178,0
4123,64,27244,0
4124,64,27213,0
4125,64,27264,0
4126,64,27251,0
4127,64,27241,0
4128,64,27246,0
4129,64,27250,0
4130,64,27270,0
4131,64,27193,0
4132,64,27247,0
4133,64,27262,0
4134,64,27242,0
4135,64,27237,0
4136,64,31633,0
4137,64,40600,0
4138,64,30295,0
4139,64,27217,0
4140,64,27191,0
4141,64,27209,0
4142,64,27257,0
4143,64,27250,0
4144,64,27210,0
4145,64,27216,0
4146,64,27222,0
4147,64,27243,0
4148,64,27214,0
4149,64,27158,0
4150,64,27178,0
4151,64,27201,0
4152,64,27259,0
4153,64,27258,0
4154,64,27182,0
4155,64,27152,0
4156,64,27218,0
4157,64,27260,0
4158,64,27250,0
4159,64,27228,0
4160,64,27221,0
4161,64,27196,0
4162,64,27235,0
4163,64,27260,0
4164,64,27196,0
4165,64,27207,0
4166,64,27201,0
4167,64,27228,0
4168,64,27267,0
4169,64,27180,0
4170,64,27196,0
4171,64,27182,0
4172,64,31385,0
4173,64,27300,0
4174,64,27650,0
4175,64,27294,0
4176,64,27191,0
4177,64,27160,0
4178,64,27161,0
4179,64,27230,0
4180,64,27163,0
4181,64,27192,0
4182,64,27207,0
4183,64,27163,0
4184,64,27278,0
4185,64,27201,0
4186,64,27240,0
4187,64,27206,0
4188,64,27209,0
4189,64,27253,0
4190,64,27169,0
4191,64,27214,0
4192,64,27209,0
4193,64,27173,0
4194,64,27225,0
4195,64,27233,0
4196,64,27249,0
4197,64,27222,0
4198,64,27216,0
4199,64,27219,0
4200,64,27205,0
4201,64,27232,0
4202,64,27226,0
4203,64,27192,0
4204,64,27204,0
4205,64,27238,0
4206,64,27257,0
4207,64,34482,0
4208,64,42033,0
4209,64,27414,0
4210,64,27195,0
4211,64,27202,0
4212,64,27225,0
4213,64,27184,0
4214,64,27182,0
4215,64,27199,0
4216,64,27239,0
4217,64,27199,0
4218,64,27186,0
4219,64,27214,0
4220,64,27188,0
4221,64,27268,0
4222,64,27252,0
4223,64,27199,0
4224,64,27191,0
4225,64,27216,0
4226,64,27212,0
4227,64,27196,0
4228,64,27197,0
4229,64,27176,0
4230,64,27175,0
4231,64,27242,0
4232,64,27176,0
4233,64,27172,0
4234,64,27302,0
4235,64,27186,0
4236,64,27209,0
4237,64,27216,0
4238,64,27231,0
4239,64,27210,0
4240,64,27161,0
4241,64,27150,0
4242,64,27229,0
4243,64,27203,0
4244,64,31578,0
4245,64,27234,0
4246,64,27165,0
4247,64,27148,0
4248,64,27195,0
4249,64,27205,0
4250,64,27234,0
4251,64,27178,0
4252,64,27165,0
4253,64,27166,0
4254,64,27162,0
4255,64,27161,0
4256,64,27203,0
4257,64,27200,0
4258,64,27153,0
4259,64,27205,0
4260,64,27146,0
4261,64,27168,0
4262,64,27153,0
4263,64,27125,0
4264,64,27186,0
4265,64,27148,0
4266,64,27180,0
4267,64,27182,0
4268,64,27133,0
4269,64,27177,0
4270,64,27189,0
4271,64,27170,0
4272,64,27198,0
4273,64,27188,0
4274,64,27188,0
4275,64,27177,0
4276,64,27169,0
4277,64,27210,0
4278,64,27230,0
4279,64,27195,0
4280,64,30266,0
4281,64,27280,0
4282,64,27204,0
4283,64,27185,0
4284,64,27152,0
4285,64,27199,0
4286,64,27221,0
4287,64,27155,0
4288,64,27163,0
4289,64,27136,0
4290,64,27164,0
4291,64,27200,0
4292,64,27199,0
4293,64,27161,0
4294,64,27156,0
4295,64,27200,0
4296,64,27167,0
4297,64,27146,0
4298,64,27201,0
4299,64,27139,0
4300,64,27200,0
4301,64,27194,0
4302,64,27180,0
4303,64,27178,0
4304,64,27143,0
4305,64,27176,0
4306,64,27177,0
4307,64,27177,0
4308,64,27153,0
4309,64,27250,0
4310,64,27166,0
4311,64,27171,0
4312,64,27128,0
4313,64,27162,0
4314,64,27213,0
4315,64,27179,0
4316,64,30425,0
4317,64,27393,0
4318,64,27207,0
4319,64,27151,0
4320,64,27146,0
4321,64,27208,0
4322,64,27209,0
4323,64,27205,0
4324,64,27196,0
4325,64,27176,0
4326,64,27191,0
4327,64,27152,0
4328,64,27171,0
4329,64,27156,0
4330,64,27171,0
4331,64,27201,0
4332,64,27146,0
4333,64,27140,0
4334,64,27167,0
4335,64,27139,0
4336,64,27196,0
4337,64,27153,0
4338,64,27172,0
4339,64,27161,0
4340,64,27174,0
4341,64,27172,0
4342,64,27171,0
4343,64,27218,0
4344,64,27161,0
4345,64,27159,0
4346,64,27206,0
4347,64,27175,0
4348,64,27209,0
4349,64,27217,0
4350,64,27177,0
4351,64,27215,0
4352,64,27191,0
4353,64,29953,0
4354,64,27219,0
4355,64,27162,0
4356,64,27193,0
4357,64,27216,0
4358,64,27187,0
4359,64,27218,0
4360,64,27144,0
4361,64,27124,0
4362,64,27138,0
4363,64,27161,0
4364,64,27173,0
4365,64,27215,0
4366,64,27157,0
4367,64,27160,0
4368,64,27162,0
4369,64,27185,0
4370,64,27127,0
4371,64,27520,0
4372,64,27298,0
4373,64,27328,0
4374,64,33880,0
4375,64,27586,0
4376,64,27291,0
4377,64,27187,0
4378,64,27290,0
4379,64,27230,0
4380,64,27204,0
4381,64,27204,0
4382,64,27213,0
4383,64,27270,0
4384,64,27205,0
4385,64,27188,0
4386,64,33206,0
4387,64,30472,0
4388,64,38528,0
4389,64,30808,0
4390,64,30476,0
4391,64,33211,0
4392,64,27253,0
4393,64,27184,0
4394,64,27211,0
4395,64,27229,0
4396,64,27289,0
4397,64,27284,0
4398,64,27184,0
4399,64,27204,0
4400,64,27164,0
4401,64,27197,0
4402,64,27230,0
4403,64,27210,0
4404,64,27169,0
4405,64,27191,0
4406,64,27214,0
4407,64,27211,0
4408,64,27217,0
4409,64,27165,0
4410,64,27196,0
4411,64,27204,0
4412,64,27211,0
4413,64,27191,0
4414,64,27187,0
4415,64,27198,0
4416,64,27226,0
4417,64,27202,0
4418,64,27230,0
4419,64,27152,0
4420,64,27171,0
4421,64,27206,0
4422,64,27215,0
4423,64,27187,0
4424,64,31053,0
4425,64,27316,0
4426,64,27394,0
4427,64,27238,0
4428,64,27215,0
4429,64,27244,0
4430,64,27184,0
4431,64,27191,0
4432,64,27222,0
4433,64,27249,0
4434,64,27249,0
4435,64,27213,0
4436,64,27173,0
4437,64,27186,0
4438,64,27229,0
4439,64,27234,0
4440,64,27177,0
4441,64,27183,0
4442,64,27198,0
4443,64,27203,0
4444,64,30535,0
4445,64,31657,0
4446,64,30401,0
4447,64,34427,0
4448,64,30397,0
4449,64,34833,0
4450,64,27278,0
4451,64,27211,0
4452,64,27173,0
4453,64,27211,0
4454,64,27205,0
4455,64,27389,0
4456,64,27256,0
4457,64,27203,0
4458,64,27234,0
4459,64,31085,0
4460,64,27243,0
4461,64,27338,0
4462,64,27181,0
4463,64,27236,0
4464,64,27206,0
4465,64,27185,0
4466,64,27218,0
4467,64,27222,0
4468,64,27221,0
4469,64,27226,0
4470,64,27194,0
4471,64,27235,0
4472,64,27225,0
4473,64,27198,0
4474,64,27270,0
4475,64,27202,0
4476,64,27212,0
4477,64,27216,0
4478,64,27240,0
4479,64,27178,0
4480,64,27186,0
4481,64,27209,0
4482,64,27259,0
4483,64,27225,0
4484,64,27179,0
4485,64,27170,0
4486,64,27192,0
4487,64,27236,0
4488,64,27215,0
4489,64,27200,0
4490,64,27246,0
4491,64,27196,0
4492,64,27245,0
4493,64,27213,0
4494,64,27198,0
4495,64,30142,0
4496,64,27339,0
4497,64,27197,0
4498,64,27175,0
4499,64,27249,0
4500,64,27199,0
4501,64,27214,0
4502,64,27160,0
4503,64,27178,0
4504,64,27242,0
4505,64,27233,0
4506,64,27270,0
4507,64,27193,0
4508,64,27334,0
4509,64,27208,0
4510,64,27204,0
4511,64,27302,0
4512,64,27239,0
4513,64,27314,0
4514,64,27248,0
4515,64,27178,0
4516,64,27279,0
4517,64,27205,0
4518,64,27208,0
4519,64,27252,0
4520,64,27209,0
4521,64,27213,0
4522,64,27208,0
4523,64,27188,0
4524,64,27202,0
4525,64,27214,0
4526,64,27183,0
4527,64,27214,0
4528,64,27190,0
4529,64,27265,0
4530,64,27200,0
4531,64,27195,0
4532,64,30878,0
4533,64,27217,0
4534,64,27225,0
4535,64,27176,0
4536,64,27178,0
4537,64,27212,0
4538,64,27201,0
4539,64,27175,0
4540,64,27238,0
4541,64,27279,0
4542,64,27224,0
4543,64,27395,0
4544,64,32585,0
4545,64,30597,0
4546,64,30465,0
4547,64,32142,0
4548,64,27257,0
4549,64,27217,0
4550,64,27254,0
4551,64,27221,0
4552,64,27213,0
4553,64,27251,0
4554,64,27245,0
4555,64,27207,0
4556,64,27222,0
4557,64,27175,0
4558,64,27224,0
4559,64,27216,0
4560,64,27207,0
4561,64,27239,0
4562,64,27188,0
4563,64,27194,0
4564,64,27213,0
4565,64,27228,0
4566,64,27228,0
4567,64,31015,0
4568,64,27267,0
4569,64,27214,0
4570,64,27247,0
4571,64,27214,0
4572,64,27273,0
4573,64,27170,0
4574,64,27215,0
4575,64,27253,0
4576,64,27208,0
4577,64,27181,0
4578,64,27228,0
4579,64,27240,0
4580,64,27239,0
4581,64,27209,0
4582,64,27195,0
4583,64,27202,0
4584,64,27230,0
4585,64,27211,0
4586,64,27204,0
4587,64,27225,0
4588,64,27227,0
4589,64,27237,0
4590,64,27228,0
4591,64,27201,0
4592,64,27200,0
4593,64,27248,0
4594,64,27210,0
4595,64,27231,0
4596,64,27228,0
4597,64,27207,0
4598,64,27202,0
4599,64,27266,0
4600,64,27234,0
4601,64,27230,0
4602,64,27214,0
4603,64,30611,0
4604,64,27394,0
4605,64,27229,0
4606,64,27292,0
4607,64,27215,0
4608,64,27239,0
4609,64,27239,0
4610,64,27236,0
4611,64,27245,0
4612,64,27222,0
4613,64,27180,0
4614,64,27204,0
4615,64,27197,0
4616,64,27250,0
4617,64,27214,0
4618,64,27252,0
4619,64,27230,0
4620,64,27216,0
4621,64,27261,0
4622,64,27263,0
4623,64,27233,0
4624,64,27207,0
4625,64,27228,0
4626,64,27271,0
4627,64,27248,0
4628,64,27210,0
4629,64,27223,0
4630,64,27232,0
4631,64,27298,0
4632,64,27239,0
4633,64,27244,0
4634,64,27256,0
4635,64,27211,0
4636,64,27282,0
4637,64,27243,0
4638,64,27232,0
4639,64,27209,0
4640,64,30608,0
4641,64,27224,0
4642,64,27238,0
4643,64,27244,0
4644,64,27357,0
4645,64,27258,0
4646,64,27243,0
4647,64,27205,0
4648,64,27176,0
4649,64,27208,0
4650,64,27323,0
4651,64,27150,0
4652,64,27201,0
4653,64,27179,0
4654,64,27229,0
4655,64,27266,0
4656,64,27216,0
4657,64,27215,0
4658,64,27250,0
4659,64,27256,0
4660,64,27303,0
4661,64,27183,0
4662,64,27205,0
4663,64,27203,0
4664,64,27249,0
4665,64,27278,0
4666,64,27168,0
4667,64,27196,0
4668,64,27215,0
4669,64,27214,0
4670,64,27202,0
4671,64,27217,0
4672,64,27199,0
4673,64,27166,0
4674,64,27224,0
4675,64,27234,0
4676,64,30627,0
4677,64,27246,0
4678,64,27214,0
4679,64,27192,0
4680,64,27191,0
4681,64,27219,0
4682,64,27229,0
4683,64,27255,0
4684,64,27243,0
4685,64,27183,0
4686,64,27215,0
4687,64,27193,0
4688,64,27232,0
4689,64,27209,0
4690,64,27202,0
4691,64,27228,0
4692,64,27240,0
4693,64,27231,0
4694,64,27184,0
4695,64,27197,0
4696,64,27227,0
4697,64,27265,0
4698,64,27227,0
4699,64,27167,0
4700,64,27156,0
4701,64,27208,0
4702,64,27201,0
4703,64,27263,0
4704,64,27219,0
4705,64,27182,0
4706,64,27231,0
4707,64,27209,0
4708,64,27229,0
4709,64,27210,0
4710,64,27223,0
4711,64,27236,0
4712,64,30521,0
4713,64,27224,0
4714,64,27226,0
4715,64,27211,0
4716,64,27175,0
4717,64,27245,0
4718,64,27233,0
4719,64,27201,0
4720,64,27223,0
4721,64,27211,0
4722,64,27185,0
4723,64,34018,0
4724,64,30441,0
4725,64,34267,0
4726,64,30487,0
4727,64,38963,0
4728,64,30779,0
4729,64,30396,0
4730,64,32502,0
4731,64,27238,0
4732,64,27219,0
4733,64,27168,0
4734,64,27252,0
4735,64,27223,0
4736,64,27226,0
4737,64,27220,0
4738,64,27226,0
4739,64,27314,0
4740,64,27223,0
4741,64,27209,0
4742,64,27207,0
4743,64,27235,0
4744,64,27275,0
4745,64,27452,0
4746,64,27206,0
4747,64,31400,0
4748,64,27226,0
4749,64,27216,0
4750,64,27187,0
4751,64,27257,0
4752,64,27227,0
4753,64,27207,0
4754,64,27197,0
4755,64,27207,0
4756,64,27259,0
4757,64,27253,0
4758,64,27195,0
4759,64,27227,0
4760,64,27229,0
4761,64,27224,0
4762,64,27185,0
4763,64,27184,0
4764,64,27212,0
4765,64,27200,0
4766,64,27257,0
4767,64,27227,0
4768,64,27188,0
4769,64,27209,0
4770,64,27195,0
4771,64,27269,0
4772,64,27270,0
4773,64,27215,0
4774,64,27192,0
4775,64,27228,0
4776,64,27222,0
4777,64,27237,0
4778,64,27218,0
4779,64,27209,0
4780,64,27214,0
4781,64,27327,0
4782,64,27257,0
4783,64,34012,0
4784,64,31273,0
4785,64,30377,0
4786,64,33588,0
4787,64,33386,0
4788,64,30584,0
4789,64,34097,0
4790,64,30505,0
4791,64,31158,0
4792,64,32104,0
4793,64,30405,0
4794,64,34408,0
4795,64,30504,0
4796,64,34120,0
4797,64,30489,0
4798,64,30343,0
4799,64,30387,0
4800,64,30345,0
4801,64,30344,0
4802,64,30353,0
4803,64,30364,0
4804,64,30324,0
4805,64,30360,0
4806,64,30365,0
4807,64,30379,0
4808,64,30325,0
4809,64,30330,0
4810,64,30345,0
4811,64,30368,0
4812,64,30350,0
4813,64,30369,0
4814,64,36075,0
4815,64,30616,0
4816,64,30339,0
4817,64,30361,0
4818,64,30349,0
4819,64,30357,0
4820,64,30341,0
4821,64,30360,0
4822,64,30350,0
4823,64,30319,0
4824,64,30322,0
4825,64,30344,0
4826,64,30359,0
4827,64,30340,0
4828,64,30369,0
4829,64,30335,0
4830,64,30334,0
4831,64,30366,0
4832,64,30381,0
4833,64,30355,0
4834,64,30363,0
4835,64,30312,0
4836,64,30343,0
4837,64,30393,0
4838,64,30342,0
4839,64,30328,0
4840,64,30346,0
4841,64,30357,0
4842,64,30350,0
4843,64,30388,0
4844,64,30346,0
4845,64,30342,0
4846,64,30314,0
4847,64,34887,0
4848,64,30426,0
4849,64,30364,0
4850,64,30420,0
4851,64,30387,0
4852,64,30350,0
4853,64,30376,0
4854,64,30354,0
4855,64,30377,0
4856,64,30385,0
4857,64,30392,0
4858,64,30392,0
4859,64,30384,0
4860,64,30392,0
4861,64,30402,0
4862,64,30378,0
4863,64,30390,0
4864,64,30381,0
4865,64,30358,0
4866,64,30371,0
4867,64,30382,0
4868,64,30369,0
4869,64,30372,0
4870,64,30357,0
4871,64,30398,0
4872,64,30397,0
4873,64,30365,0
4874,64,30367,0
4875,64,30394,0
4876,64,30337,0
4877,64,30353,0
4878,64,30361,0
4879,64,35719,0
4880,64,30453,0
4881,64,30353,0
4882,64,30371,0
4883,64,30392,0
4884,64,30356,0
4885,64,30358,0
4886,64,30337,0
4887,64,30337,0
4888,64,30386,0
4889,64,30358,0
4890,64,30397,0
4891,64,30363,0
4892,64,30325,0
4893,64,30349,0
4894,64,30392,0
4895,64,30410,0
4896,64,30364,0
4897,64,30367,0
4898,64,30363,0
4899,64,30374,0
4900,64,30346,0
4901,64,30380,0
4902,64,30372,0
4903,64,30372,0
4904,64,30362,0
4905,64,30377,0
4906,64,30348,0
4907,64,30368,0
4908,64,30367,0
4909,64,30354,0
4910,64,30376,0
4911,64,35631,0
4912,64,30396,0
4913,64,30389,0
4914,64,30347,0
4915,64,30315,0
4916,64,30332,0
4917,64,30507,0
4918,64,30349,0
4919,64,30331,0
4920,64,30350,0
4921,64,30360,0
4922,64,30464,0
4923,64,30336,0
4924,64,30342,0
4925,64,30348,0
4926,64,30333,0
4927,64,30385,0
4928,64,30360,0
4929,64,30363,0
4930,64,30381,0
4931,64,30324,0
4932,64,30338,0
4933,64,30362,0
4934,64,30381,0
4935,64,30370,0
4936,64,30364,0
4937,64,30365,0
4938,64,30344,0
4939,64,30371,0
4940,64,30348,0
4941,64,30341,0
4942,64,30381,0
4943,64,39530,0
4944,64,30530,0
4945,64,34632,0
4946,64,30407,0
4947,64,34510,0
4948,64,27445,0
4949,64,27203,0
4950,64,27207,0
4951,64,27215,0
4952,64,27238,0
4953,64,27264,0
4954,64,27251,0
4955,64,27205,0
4956,64,27243,0
4957,64,27238,0
4958,64,27265,0
4959,64,27234,0
4960,64,27207,0
4961,64,27222,0
4962,64,27240,0
4963,64,27241,0
4964,64,27254,0
4965,64,27233,0
4966,64,27246,0
4967,64,27244,0
4968,64,27297,0
4969,64,27266,0
4970,64,27242,0
4971,64,27220,0
4972,64,27196,0
4973,64,27286,0
4974,64,27244,0
4975,64,27221,0
4976,64,27200,0
4977,64,27225,0
4978,64,31719,0
4979,64,27339,0
4980,64,27258,0
4981,64,27308,0
4982,64,27193,0
4983,64,27192,0
4984,64,27242,0
4985,64,27274,0
4986,64,27240,0
4987,64,27245,0
4988,64,27173,0
4989,64,27197,0
4990,64,27261,0
4991,64,27258,0
4992,64,27193,0
4993,64,27187,0
4994,64,27164,0
4995,64,27233,0
4996,64,27244,0
4997,64,27228,0
4998,64,27252,0
4999,64,27230,0
